date,zone,observed,counterfactual,control_ref,effect_pct
2020-03-29,T_north,9.315072263258797,10.199623074007286,8.453367606013895,-8.67238724735504
2020-04-03,T_north,11.434833358209064,12.686474074733711,10.684273874583402,-9.86594627594286
2020-10-10,T_north,3.0470081754582834,3.793664405052367,1.2954264572067238,-19.681662632037078
2020-10-15,T_north,7.06564666765082,7.227015842509299,1.8971507096076166,-2.232860400129555
2020-10-20,T_north,6.506283188659955,11.253162863642121,5.534484552122624,-42.18262663129914
2020-03-29,T_east,10.93462847053681,10.417827037835037,8.453367606013895,4.960741149040726
2020-04-03,T_east,10.744959542804354,13.71988049812152,10.684273874583402,-21.683286204456977
2020-10-10,T_east,1.0312919416592492,2.1451476133504763,1.2954264572067238,-51.92443003731157
2020-10-15,T_east,2.1975743601414504,3.5877658734260764,1.8971507096076166,-38.748111285118114
2020-10-20,T_east,5.613370236450033,6.738699557078109,5.534484552122624,-16.699502791248023
2020-03-29,T_west,7.934089455415742,8.512042869601188,8.453367606013895,-6.789832041958754
2020-04-03,T_west,10.820648604883568,14.067824222796428,10.684273874583402,-23.082287399148214
2020-10-10,T_west,2.8608945842028555,3.5701116327878935,1.2954264572067238,-19.86540258493855
2020-10-15,T_west,10.344913985194768,12.387494538697846,1.8971507096076166,-16.489053110152085
2020-10-20,T_west,4.901398787987548,11.596016433456166,5.534484552122624,-57.732046896326295
2020-03-29,T_south,9.208589545917064,9.334660849044207,8.453367606013895,-1.3505718650726473
2020-04-03,T_south,10.820648604883568,14.23073987352504,10.684273874583402,-23.96285294333592
2020-10-10,T_south,1.780144114682632,1.913612880885394,1.2954264572067238,-6.974700449393323
2020-10-15,T_south,4.52549457562415,6.0311644882899165,1.8971507096076166,-24.96482918993784
2020-10-20,T_south,5.523066514279116,7.342673542030315,5.534484552122624,-24.781260086473367
