,0
u10_24h,3.498150426259894e-05
chirps_catch_30d,0.0009247597869242933
ws10_24h,0.0011902322881367834
tide_trend,0.0024357419150283183
v10_24h,0.0029078650347841664
era5_rain_mm_catch_72h,0.0032336294020867723
chirps_catch_7d,0.008671412076055903
doy_cos,0.01223264871803566
ctrl_EW,0.01317305888843117
tide_now,0.013602238163693976
sst_C,0.013825541970406014
swh_24h,0.017123579358116755
ws10_72h,0.02103196873323319
tide_range,0.024691043114204277
doy_sin,0.03549005459057765
sun_zenith,0.06475694043752063
log_ctrl,2.1143808083888462
