spec,zone,group,n,effect_pct,boot_lo,boot_hi,plac_lo,plac_hi,placebo_p,n_placebo_years
"Main (valid≥0.30, Ridge)",T_north,Capped (Nov–Jan),34,-0.021996595985518397,-7.3283485611643435,8.036846707916535,-16.63269789947217,19.89834039009697,1.0,7
"Main (valid≥0.30, Ridge)",T_north,Closed (Feb–Apr),26,2.4659668591749284,-8.762306905730577,18.11240295202383,-17.43651945813456,27.16608233420674,0.875,7
"Main (valid≥0.30, Ridge)",T_east,Capped (Nov–Jan),35,-5.518140407734251,-14.548530337432597,4.363537440245913,-19.98970466950126,11.570914157216539,0.5,7
"Main (valid≥0.30, Ridge)",T_east,Closed (Feb–Apr),26,-2.2456367285605516,-11.627927725932519,8.28913952096082,-14.018742725597367,11.139518559348026,0.875,7
"Main (valid≥0.30, Ridge)",T_west,Capped (Nov–Jan),33,10.91471755932718,2.11121880551306,22.57072728256009,-3.3130754425590103,27.236176221085096,0.25,7
"Main (valid≥0.30, Ridge)",T_west,Closed (Feb–Apr),26,-1.00286021269671,-11.815368886434563,10.218966633897185,-17.752132198828907,19.15729791024836,0.875,7
"Main (valid≥0.30, Ridge)",T_south,Capped (Nov–Jan),33,12.398980371780599,1.7806466644935792,22.7887117185092,3.3516653120092554,22.238289537729706,0.125,7
"Main (valid≥0.30, Ridge)",T_south,Closed (Feb–Apr),26,-1.9521333411060882,-10.961738457941605,8.267028566709511,-17.5358306764834,16.576499044643334,0.875,7
valid≥0.10,T_north,Capped (Nov–Jan),37,0.7374369994183949,-6.589922837778306,9.67948007486683,-14.061887856341048,18.08534025331827,0.875,7
valid≥0.10,T_north,Closed (Feb–Apr),27,2.5103725791142617,-10.07459920157,17.85945555450532,-14.597190852139164,23.044857553986397,0.875,7
valid≥0.10,T_east,Capped (Nov–Jan),36,-6.88931831198083,-15.56204794584538,3.218820130420852,-17.434318105781344,5.002451932934182,0.375,7
valid≥0.10,T_east,Closed (Feb–Apr),27,-0.03270512523013691,-12.483433447764348,15.997029236173056,-15.17754640178348,17.816210456676917,1.0,7
valid≥0.10,T_west,Capped (Nov–Jan),35,10.14151297957051,0.7212478461905203,20.70631523783717,-13.732852265339268,40.62309001732301,0.5,7
valid≥0.10,T_west,Closed (Feb–Apr),26,0.7087437141405362,-10.043831476038767,11.24855139213421,-12.254953511493428,15.58773362561201,0.875,7
valid≥0.10,T_south,Capped (Nov–Jan),35,17.28471635249782,3.5889736453667886,33.88158614988113,-2.8559629057584357,41.601122429585224,0.125,7
valid≥0.10,T_south,Closed (Feb–Apr),27,3.904169857109796,-8.245924795993286,20.579838135890505,-11.804717039875445,22.41104230683535,0.75,7
valid≥0.50,T_north,Capped (Nov–Jan),34,1.9940216775767405,-5.802133885319938,11.142157371069716,-13.254502050817019,19.92300123817521,0.75,7
valid≥0.50,T_north,Closed (Feb–Apr),24,-0.11070852555319366,-8.902795769400262,11.097987503087525,-22.411158454295176,28.59929794659175,1.0,7
valid≥0.50,T_east,Capped (Nov–Jan),34,-5.53465629580413,-14.944945898009864,5.068895912871918,-19.65202918507305,11.063180197875312,0.5,7
valid≥0.50,T_east,Closed (Feb–Apr),23,3.51726823295917,-6.64257902896016,14.060795139951843,-3.554586040659169,11.107665802875456,0.5,7
valid≥0.50,T_west,Capped (Nov–Jan),33,12.841531169291365,2.923913443437387,23.672787073392442,-1.7564982622096825,29.60868588148262,0.125,7
valid≥0.50,T_west,Closed (Feb–Apr),24,0.3200895076246324,-10.48445726664583,12.093584214667619,-17.77264230502419,22.39381929492239,0.875,7
valid≥0.50,T_south,Capped (Nov–Jan),33,12.419138352508053,2.6299962575874414,23.53274851284293,1.331589826802837,24.719869583823506,0.125,7
valid≥0.50,T_south,Closed (Feb–Apr),23,-1.0818681317267376,-10.73037469870507,7.88836387304952,-15.883691060621263,16.324609765757113,0.875,7
Train Nov–Apr only,T_north,Capped (Nov–Jan),34,2.2265393827210156,-5.063676960052865,10.348778759260501,-17.368094106180422,26.467679053601945,0.75,7
Train Nov–Apr only,T_north,Closed (Feb–Apr),26,5.048438445430969,-5.849864944608663,23.31947869478892,-14.654289229409489,29.29969555805887,0.75,7
Train Nov–Apr only,T_east,Capped (Nov–Jan),35,-2.908450007603025,-12.189881368238586,7.651748034846695,-17.577593157119054,14.371436615483146,0.75,7
Train Nov–Apr only,T_east,Closed (Feb–Apr),26,-0.06578190926705973,-10.711089625550574,11.489350072750026,-11.129488615878069,12.375272628289125,0.875,7
Train Nov–Apr only,T_west,Capped (Nov–Jan),33,13.57552704910292,3.886432719361199,24.51468209237828,-0.14128120689957946,29.176505570916376,0.125,7
Train Nov–Apr only,T_west,Closed (Feb–Apr),26,0.4639807562941911,-9.282686410927553,12.288066008115827,-19.82799958221633,25.891974464968314,1.0,7
Train Nov–Apr only,T_south,Capped (Nov–Jan),33,13.812369266556246,3.6777824673142945,26.450941535970294,-0.639560638435499,30.36632568552884,0.125,7
Train Nov–Apr only,T_south,Closed (Feb–Apr),26,1.48194476742729,-9.289249123087394,13.268910722413786,-9.414842352123554,13.68954231786985,0.75,7
XGBoost,T_north,Capped (Nov–Jan),34,-1.5030400889756934,-8.45373775368362,5.684627001461062,-15.193069608683796,14.396913871880091,1.0,7
XGBoost,T_north,Closed (Feb–Apr),26,-2.2389602688335786,-14.339289784575481,13.255894053815954,-21.328233062124504,21.482219877757693,1.0,7
XGBoost,T_east,Capped (Nov–Jan),35,-7.624831361201334,-16.08410454569854,2.9427826617123065,-20.34213953294506,7.12278400416817,0.5,7
XGBoost,T_east,Closed (Feb–Apr),26,-4.2078135800690974,-13.283136185448875,5.490703469233682,-17.452149055275367,11.161500561114401,0.625,7
XGBoost,T_west,Capped (Nov–Jan),33,10.812769700543946,1.379108687967845,23.194589502222087,-15.581084923242393,45.45875077333938,0.5,7
XGBoost,T_west,Closed (Feb–Apr),26,-5.9371369392111735,-15.779670351164764,6.080219874648418,-30.333671931914374,27.002849906853733,0.625,7
XGBoost,T_south,Capped (Nov–Jan),33,7.590790042278561,-2.3739671732659673,18.861218996996087,-9.763302105616633,28.282377037670624,0.5,7
XGBoost,T_south,Closed (Feb–Apr),26,-4.496728045035603,-14.198055295728784,8.13206581345074,-16.161707861601336,8.791278083853626,0.625,7
Red reflectance (B4),T_north,Capped (Nov–Jan),34,0.7316076531718174,-5.0784191852670135,7.419784346930491,-8.895390036244299,11.375887393945083,0.875,7
Red reflectance (B4),T_north,Closed (Feb–Apr),26,-0.6280800945693277,-4.87208046854426,3.65882278084233,-10.31405729364403,10.103971343900575,1.0,7
Red reflectance (B4),T_east,Capped (Nov–Jan),35,-5.1646336418965655,-11.52561034540529,2.1516683190722974,-11.66010180212107,1.8084341927806058,0.125,7
Red reflectance (B4),T_east,Closed (Feb–Apr),26,-1.2477692118369021,-7.53712971920284,4.714045847152515,-6.723473457001328,4.549380718450569,0.875,7
Red reflectance (B4),T_west,Capped (Nov–Jan),33,9.495747268019784,1.0809277010835006,19.554650482948976,-8.498735270091618,31.02899402726176,0.5,7
Red reflectance (B4),T_west,Closed (Feb–Apr),26,-1.0406833739752819,-5.9808913356747535,4.487205913927261,-8.52179252156895,7.052232624899379,0.875,7
Red reflectance (B4),T_south,Capped (Nov–Jan),33,8.892972845394208,1.2880474223621485,17.67528489052119,-5.7375858136606395,25.794354382514783,0.375,7
Red reflectance (B4),T_south,Closed (Feb–Apr),26,0.3255235728240491,-2.9161293553736534,3.434027862125899,-6.719804114711103,7.902975381172506,1.0,7
