month,island_light_sum,island_cloudfree_nights,teknaf_light_sum,m,t,y,x,hyear,group,pred,res,effect_pct
2020-04-01,21.084823557442316,8.790679133144884,135.495961242213,4,3.247091033538672,3.048553519008059,4.908941833545007,2019,COVID 2020,3.038129152213545,0.010424366794513862,1.0478889797279622
2020-05-01,20.900901877354173,5.691454664057405,125.39596121790362,5,3.3292265571526354,3.0397923100662587,4.831476420486407,2020,COVID 2020,2.955104878047535,0.08468743201872364,8.837682178028338
2020-10-01,16.1385488897562,4.503515256939916,109.30266622526972,10,3.7481177275838466,2.7812107511019826,4.694120788528794,2020,COVID 2020,2.8090721296320464,-0.027861378530063874,-2.747682995090206
2024-11-01,26.98086266657886,9.69681814887294,204.20105971027832,11,7.832991101984942,3.2951278245671403,5.3191050952875125,2024,Capped (Nov–Jan),3.3303214286501297,-0.03519360408298944,-3.4581510798073256
2024-12-01,28.332980299989373,11.03457273320287,227.2601575263576,12,7.915126625598905,3.3440265077442053,5.426095429644413,2024,Capped (Nov–Jan),3.116817833086817,0.22720867465738825,25.509174645580668
2025-01-01,26.34007845915416,17.1746756541277,219.81941218796905,1,8.0,3.271091675018146,5.392806355576443,2024,Capped (Nov–Jan),2.8594854948453805,0.4116061801727655,50.92399506596823
2025-02-01,22.747529430658204,7.764803942886136,229.62011732085077,2,8.084873374401095,3.124456543045353,5.436426279600344,2024,Closed (Feb–Apr),3.3693305788926255,-0.24487403584727252,-21.71968628343016
2025-03-01,22.64780396234756,13.80111618467783,209.97611761747623,3,8.161533196440795,3.1200628919238302,5.346993798619153,2024,Closed (Feb–Apr),3.4722015197553593,-0.35213862783152905,-29.681736546453376
2025-04-01,27.49392142132217,10.446473871131404,193.07137297462015,4,8.24640657084189,3.3139649410151075,5.263059928701355,2024,Closed (Feb–Apr),3.6104505003718237,-0.29648555935671617,-25.657363725849724
2025-05-01,31.3375685637488,3.3143436979053407,225.1017655769984,5,8.328542094455852,3.4448176513958213,5.416552591404798,2025,Closed (May–Oct),3.723694979083494,-0.2788773276876726,-24.33672845930306
2025-10-01,23.72419596466364,12.720373994346598,186.7745104405225,10,8.747433264887064,3.1664954541288277,5.229902062739557,2025,Closed (May–Oct),3.535771303632362,-0.3692758495035342,-30.87652926020147
2025-11-01,16.330431334937316,15.788069870261657,200.38227386240865,11,8.83230663928816,2.793030320285549,5.300226911518047,2025,Capped (Nov–Jan),3.368527155777715,-0.5754968354921659,-43.75746335043985
2025-12-01,25.36992148058671,14.933101398854824,219.38227384990336,12,8.914442162902121,3.23356427863544,5.390815750821001,2025,Capped (Nov–Jan),3.1410855285220856,0.09247875011335438,9.688983252804363
2026-01-01,27.10098016621435,15.079654997463214,220.27454855360236,1,8.999315537303216,3.2995698957265853,5.394874716283447,2025,Capped (Nov–Jan),2.915491648080297,0.3840782476462885,46.826032510183026
2026-02-01,20.497215681157854,13.564977893745017,243.21964731929344,2,9.084188911704311,3.0202890564886085,5.493964933503671,2025,Closed (Feb–Apr),3.472475526609958,-0.4521864701213496,-36.376448025148136
2026-03-01,20.20796073920586,9.183518156120892,219.51196026708573,3,9.160848733744011,3.006076622772017,5.391406719719089,2025,Closed (Feb–Apr),3.5641921867685977,-0.5581155639965809,-42.77135143784353
2026-04-01,25.93423518935839,9.675364209610782,159.17858749557945,4,9.245722108145106,3.2555639178508367,5.07002676370835,2025,Closed (Feb–Apr),3.5006588870323143,-0.24509496918147766,-21.73697910379162
2026-05-01,26.87858815450295,6.332681017612526,169.52223506698417,5,9.32785763175907,3.291329990261487,5.132984098553306,2026,Closed (May–Oct),3.536966216733162,-0.24563622647167493,-21.77932807252665
