zone,model,n_pre,R2,RMSE_log,bias_log
T_north,M0_Ratio,192,0.7487010229660294,0.440372458462747,-0.004036466614088327
T_north,M1_Ridge,192,0.8771790363769271,0.3078655112301093,-0.0025985304643674767
T_north,M2_RandomForest,192,0.7983469611865508,0.39448198501969184,0.006272726653377878
T_north,M3_XGBoost,192,0.8321820372492172,0.35986864751623254,0.004157758909668037
T_east,M0_Ratio,194,0.9046210182977834,0.3035270926461916,-0.0016630665182829996
T_east,M1_Ridge,194,0.911737758188487,0.2919836937504124,8.519012074998006e-05
T_east,M2_RandomForest,194,0.8524410519354171,0.37753211106873363,0.009424440639553614
T_east,M3_XGBoost,194,0.8907344423516503,0.32487236091964783,0.028585847715113702
T_west,M0_Ratio,195,0.7625593853676421,0.48514799423708727,-0.0022617923808108814
T_west,M1_Ridge,195,0.8837494732595056,0.33946437258385254,-0.00255230904186021
T_west,M2_RandomForest,195,0.787869961352345,0.45856174549669027,0.00860444380251572
T_west,M3_XGBoost,195,0.8576645931565908,0.37562389333566165,0.01582141722871227
T_south,M0_Ratio,194,0.9137725469563213,0.30295634595955384,-0.0010312375859949392
T_south,M1_Ridge,194,0.9299124640199814,0.2731351986965182,-0.002127577614306158
T_south,M2_RandomForest,194,0.8556116612737223,0.3920336397279841,0.010138210337881953
T_south,M3_XGBoost,194,0.9051563775729179,0.3177322815619035,0.01713175245791561
T_north_deep,M0_Ratio,192,0.762769634071621,0.43316009266521227,-0.00400509906128597
T_north_deep,M1_Ridge,192,0.8770635813468457,0.3118197199710884,-0.003277790255394116
T_north_deep,M2_RandomForest,192,0.7947431983964484,0.40291373947271747,0.005111690813771291
T_north_deep,M3_XGBoost,192,0.836011171136519,0.36013922921742997,-0.0019443516216862456
T_east_deep,M0_Ratio,194,0.9153236175469056,0.2964595371554349,-0.0015777845092584666
T_east_deep,M1_Ridge,194,0.9098899044139792,0.30582360508862644,0.000959826369630796
T_east_deep,M2_RandomForest,194,0.8509026111688394,0.3933863597566229,0.01646274158373493
T_east_deep,M3_XGBoost,194,0.8966527316443925,0.3275169487545133,0.037876440990043884
T_west_deep,M0_Ratio,196,0.8115769170853246,0.4315940891642637,-0.0019509195615309645
T_west_deep,M1_Ridge,196,0.8959616769341329,0.3207045394937963,-0.0052895692171415435
T_west_deep,M2_RandomForest,196,0.8084581446526693,0.43515129519827384,0.007146317695233224
T_west_deep,M3_XGBoost,196,0.8767277971538916,0.34909289834763546,0.006694350234581289
T_south_deep,M0_Ratio,194,0.9338191345106871,0.26965694429148557,-0.0005588075244584019
T_south_deep,M1_Ridge,194,0.9362556181166106,0.26464661579368876,-0.0013622802147042657
T_south_deep,M2_RandomForest,194,0.8654318746312689,0.3845178354244133,0.010400727830629203
T_south_deep,M3_XGBoost,194,0.9140080580230389,0.30737905145963357,0.01782883312278823
