zone,model,group,n_obs,effect_pct,ci_low_pct,ci_high_pct,placebo_years,placebo_p,MDE_pct
T_east,M0_Ratio,COVID closure 2020,5,-10.66945295443733,-22.76691523092279,1.7161733213389763,9,0.3,33.53250777850185
T_east,M0_Ratio,Capped (Nov–Jan),35,-4.192350907737263,-14.562694353060268,7.316446837468349,7,0.75,36.96505894026247
T_east,M0_Ratio,Closed (Feb–Apr),26,-5.390998630661303,-13.928892493862655,4.190363584790169,7,0.625,20.948813311091264
T_east,M0_Ratio,Closed (May–Oct),7,47.707699314305344,6.822598290026938,130.52978729286608,4,0.2,22.27410205413023
T_east,M1_Ridge,COVID closure 2020,5,-27.403685573450907,-41.69629328843488,-10.01511853603474,9,0.1,15.871708048131627
T_east,M1_Ridge,Capped (Nov–Jan),35,-5.51814040774532,-14.72093877008983,4.713165504448602,7,0.5,26.807959096392153
T_east,M1_Ridge,Closed (Feb–Apr),26,-2.2456367285470846,-11.490311327531732,8.03524904016173,7,0.875,20.120645405911432
T_east,M1_Ridge,Closed (May–Oct),7,9.305759441104943,-18.118393814341548,56.231212027226206,4,0.6,29.411339013787142
T_east,M2_RandomForest,COVID closure 2020,5,-21.03573698234603,-36.08936753806691,-8.345511302209596,9,0.2,42.69592093277552
T_east,M2_RandomForest,Capped (Nov–Jan),35,-11.221028804895406,-20.414642113373695,-1.9108517872609143,7,0.375,36.888073293782966
T_east,M2_RandomForest,Closed (Feb–Apr),26,-1.6808345076841702,-11.860282794080646,9.015848174423047,7,0.75,27.067639712053946
T_east,M2_RandomForest,Closed (May–Oct),7,-8.89955686803512,-29.1656693216485,17.974183839766834,4,0.8,57.23764782526772
T_east,M3_XGBoost,COVID closure 2020,5,-19.989345510554337,-32.675456431819164,-5.533212325411741,9,0.1,22.965655399863817
T_east,M3_XGBoost,Capped (Nov–Jan),35,-7.624831361201334,-16.116965560997233,1.7378347427764007,7,0.5,23.564908664844864
T_east,M3_XGBoost,Closed (Feb–Apr),26,-4.2078135800690974,-12.913893788895315,4.739743902529359,7,0.625,23.685972903371756
T_east,M3_XGBoost,Closed (May–Oct),7,-4.8810887628391475,-31.761279191530612,30.50303985570768,4,1.0,24.481731656787865
T_east_deep,M0_Ratio,COVID closure 2020,5,-19.16853802100067,-39.682454204392705,1.8878861781450151,9,0.2,31.954856256343046
T_east_deep,M0_Ratio,Capped (Nov–Jan),35,-5.942002286631021,-15.800492042802961,5.1075080327672495,7,0.5,34.408267326032906
T_east_deep,M0_Ratio,Closed (Feb–Apr),26,-2.36303924146144,-11.754835242771522,8.980503247795824,7,0.875,17.702443243621644
T_east_deep,M0_Ratio,Closed (May–Oct),6,11.205771623699533,-10.144215256023536,33.24930684362597,4,0.8,43.972226361040235
T_east_deep,M1_Ridge,COVID closure 2020,5,-32.38424676134435,-49.25999440751718,-9.895751239174045,9,0.1,18.99388534790902
T_east_deep,M1_Ridge,Capped (Nov–Jan),35,-6.475200356333932,-15.80494149956657,3.757750187391151,7,0.5,28.223431924568775
T_east_deep,M1_Ridge,Closed (Feb–Apr),26,-2.0160545153279474,-11.670990394075996,8.229957335659478,7,0.875,17.996848040961822
T_east_deep,M1_Ridge,Closed (May–Oct),6,-7.337118930830111,-23.547356108406113,12.477760300068109,4,0.6,56.43288356450684
T_east_deep,M2_RandomForest,COVID closure 2020,5,-23.35517781062829,-42.851631236572,-7.192214754063353,9,0.2,53.41809500078423
T_east_deep,M2_RandomForest,Capped (Nov–Jan),35,-11.63388146576474,-20.23939155136032,-1.851170332090868,7,0.375,37.259143301210294
T_east_deep,M2_RandomForest,Closed (Feb–Apr),26,-0.5343125148737582,-10.269485402951585,10.879011308945863,7,1.0,25.546310725050624
T_east_deep,M2_RandomForest,Closed (May–Oct),6,-15.428922167914937,-34.34790249587857,13.091565757505496,4,0.6,103.28011797876893
T_east_deep,M3_XGBoost,COVID closure 2020,5,-22.22947962951607,-36.68950126006587,-6.6224663000650335,9,0.2,34.58891919866973
T_east_deep,M3_XGBoost,Capped (Nov–Jan),35,-7.059228365881298,-15.092706557074663,2.3638705950950634,7,0.5,23.33940493095026
T_east_deep,M3_XGBoost,Closed (Feb–Apr),26,-4.146897175222708,-14.645154251318926,6.590299483597861,7,0.625,19.648234292731594
T_east_deep,M3_XGBoost,Closed (May–Oct),6,-8.604243973897463,-31.802299082599717,20.781290358700378,4,0.6,66.14484031004405
T_north,M0_Ratio,COVID closure 2020,5,20.655806387703812,-18.734047915963025,93.85892882612077,9,0.2,80.98460897799644
T_north,M0_Ratio,Capped (Nov–Jan),34,8.026900966631413,-1.6162403115193347,21.08752920069612,7,0.625,39.088325514315805
T_north,M0_Ratio,Closed (Feb–Apr),26,-10.347990258063422,-20.434381806717226,3.8041828814500134,7,0.875,32.34477358737744
T_north,M0_Ratio,Closed (May–Oct),7,131.36683337630214,56.46789343755394,264.658172939712,4,0.2,82.09498069479852
T_north,M1_Ridge,COVID closure 2020,5,-17.86818935856519,-31.41383206811278,-6.395702852358919,9,0.1,29.546330602361405
T_north,M1_Ridge,Capped (Nov–Jan),34,-0.02199659598115522,-8.008138564218804,8.378757188003338,7,1.0,29.63633121926088
T_north,M1_Ridge,Closed (Feb–Apr),26,2.465966859174773,-8.929425344813048,17.257199221136467,7,0.875,36.140728702757215
T_north,M1_Ridge,Closed (May–Oct),7,19.35740874439782,-4.358926758633053,64.51208049112012,4,0.6,111.2340034205817
T_north,M2_RandomForest,COVID closure 2020,5,-17.08932437861104,-32.56599754380236,10.123268587678847,9,0.3,55.833260436801126
T_north,M2_RandomForest,Capped (Nov–Jan),34,-6.36218268320431,-13.037919092566398,2.1887737079230973,7,0.75,49.2371432581187
T_north,M2_RandomForest,Closed (Feb–Apr),26,1.8862737724235412,-11.787876437392553,20.81373010217369,7,1.0,27.654309140326163
T_north,M2_RandomForest,Closed (May–Oct),7,-3.609957357938054,-23.456328005410853,18.115154808665146,4,1.0,111.51763649440211
T_north,M3_XGBoost,COVID closure 2020,5,-14.096388090049194,-34.035188790314386,5.738560906961121,9,0.2,32.65520256720982
T_north,M3_XGBoost,Capped (Nov–Jan),34,-1.5030400889756934,-8.030063983496682,6.507114090246535,7,1.0,23.835446555170115
T_north,M3_XGBoost,Closed (Feb–Apr),26,-2.2389602688335786,-14.175958470566108,13.513176840763986,7,1.0,36.38961277711654
T_north,M3_XGBoost,Closed (May–Oct),7,-5.795411171229836,-20.20232834772182,10.642088999996634,4,1.0,119.07946646903498
T_north_deep,M0_Ratio,COVID closure 2020,5,12.017679044565966,-19.67109912113957,61.7124540998947,9,0.4,78.74255056155211
T_north_deep,M0_Ratio,Capped (Nov–Jan),34,8.401613788490604,-1.9228122385480995,21.39493264692549,7,0.625,39.30714541023161
T_north_deep,M0_Ratio,Closed (Feb–Apr),26,-7.632695546901102,-17.85513339432213,5.975064057540735,7,0.875,31.066466489506126
T_north_deep,M0_Ratio,Closed (May–Oct),7,108.61384428911846,53.472319895776366,219.98603158714212,4,0.2,81.04677245722569
T_north_deep,M1_Ridge,COVID closure 2020,5,-20.61844612431831,-33.11647979600723,-10.25686472520353,9,0.1,30.657198031443667
T_north_deep,M1_Ridge,Capped (Nov–Jan),34,0.5024862097185112,-6.942077099923194,8.755283424507866,7,0.875,30.772771572324874
T_north_deep,M1_Ridge,Closed (Feb–Apr),26,3.9632093833701143,-7.849795592590924,19.92412837256432,7,0.75,35.48474037094653
T_north_deep,M1_Ridge,Closed (May–Oct),7,14.159228119743773,-3.44427472509774,51.07513389437284,4,0.6,110.39805524059388
T_north_deep,M2_RandomForest,COVID closure 2020,5,-20.66611370980492,-33.387602885831456,-3.1976734209788527,9,0.2,59.569097197052834
T_north_deep,M2_RandomForest,Capped (Nov–Jan),34,-4.681749711403482,-11.581333381534453,4.085880144325849,7,0.875,52.18356599871363
T_north_deep,M2_RandomForest,Closed (Feb–Apr),26,4.11232551351699,-10.004053519862966,23.172124409182683,7,1.0,26.1771606012436
T_north_deep,M2_RandomForest,Closed (May–Oct),7,-6.244196833193472,-27.59399578451889,17.760435840850096,4,1.0,113.76277737600331
T_north_deep,M3_XGBoost,COVID closure 2020,5,-12.900611601548452,-28.46850208502407,3.744941838277116,9,0.3,32.048316850653215
T_north_deep,M3_XGBoost,Capped (Nov–Jan),34,1.8372323293498471,-4.406016742182295,9.203027172148449,7,1.0,30.73921532214765
T_north_deep,M3_XGBoost,Closed (Feb–Apr),26,-0.044055361025641115,-11.968755879267823,16.855200621396826,7,1.0,35.528058244301455
T_north_deep,M3_XGBoost,Closed (May–Oct),7,-4.81362808495005,-21.66588236315794,15.854677805768546,4,1.0,116.61516996690331
T_south,M0_Ratio,COVID closure 2020,5,17.279670189675333,-7.31879707316846,62.82237826815016,9,0.2,45.37586323078606
T_south,M0_Ratio,Capped (Nov–Jan),33,8.073834440497363,-1.7413747421940573,21.34242220230391,7,0.5,14.526502995244407
T_south,M0_Ratio,Closed (Feb–Apr),26,4.117083055645443,-6.76453235377481,17.05697183541144,7,0.75,17.341189721947913
T_south,M0_Ratio,Closed (May–Oct),8,46.005932053194456,7.70387054150401,116.14088373636035,4,0.2,37.229918250109215
T_south,M1_Ridge,COVID closure 2020,5,-17.002984004335165,-24.69192708824134,-7.693999544919706,9,0.1,22.834586553317028
T_south,M1_Ridge,Capped (Nov–Jan),33,12.398980371752732,3.04123173496178,24.173975621921407,7,0.125,12.736392219138892
T_south,M1_Ridge,Closed (Feb–Apr),26,-1.9521333410778219,-11.155525272933842,8.319489345707808,7,0.875,28.053012554197853
T_south,M1_Ridge,Closed (May–Oct),8,10.706294429029462,-10.454919402675166,54.02875947077441,4,0.6,50.93189307399217
T_south,M2_RandomForest,COVID closure 2020,5,-2.1427811293103893,-17.665437136945705,29.286679688693653,9,0.9,61.227512395364684
T_south,M2_RandomForest,Capped (Nov–Jan),33,4.184318982378632,-6.14974487923261,16.48944853378369,7,0.75,61.815454662067616
T_south,M2_RandomForest,Closed (Feb–Apr),26,1.1350609711628046,-10.36508382041551,15.86689468618121,7,1.0,24.884807847263613
T_south,M2_RandomForest,Closed (May–Oct),8,-11.207632562575387,-27.793833319958207,8.452633441445023,4,0.6,65.32724866058788
T_south,M3_XGBoost,COVID closure 2020,5,-3.9707686545490617,-16.19015600518987,14.4694458733283,9,0.9,30.58112494125902
T_south,M3_XGBoost,Capped (Nov–Jan),33,7.590790042278561,-2.7254917511825183,19.227475937225158,7,0.5,28.567526536871178
T_south,M3_XGBoost,Closed (Feb–Apr),26,-4.496728045035603,-15.094394621909846,7.263475384015816,7,0.625,20.454384146402084
T_south,M3_XGBoost,Closed (May–Oct),8,-9.945199416378081,-26.447337904865908,11.101866719204878,4,0.6,46.512352197045544
T_south_deep,M0_Ratio,COVID closure 2020,5,8.09415971036913,-6.190380987847766,32.19865014733505,9,0.3,30.297811588134937
T_south_deep,M0_Ratio,Capped (Nov–Jan),33,8.820295305258007,-0.20434307025489762,20.456797991937137,7,0.5,17.40977629586864
T_south_deep,M0_Ratio,Closed (Feb–Apr),26,6.8404898466390085,-3.8679963128902206,18.942184041606236,7,0.375,15.556117422948468
T_south_deep,M0_Ratio,Closed (May–Oct),8,25.722200321158972,-3.3779242777947416,81.26753439840387,4,0.6,40.6736477557305
T_south_deep,M1_Ridge,COVID closure 2020,5,-17.275491452678583,-25.782113720944587,-8.221118361719327,9,0.1,19.97417003684534
T_south_deep,M1_Ridge,Capped (Nov–Jan),33,12.956540547722417,3.101903166963793,24.184161458310104,7,0.125,16.97618022875398
T_south_deep,M1_Ridge,Closed (Feb–Apr),26,0.5457808672755915,-8.55100155117584,9.749750413225966,7,1.0,22.456745560739535
T_south_deep,M1_Ridge,Closed (May–Oct),8,4.43093049508676,-16.16369765149368,44.93365321464962,4,1.0,48.32125125540878
T_south_deep,M2_RandomForest,COVID closure 2020,5,-1.9795696699112963,-14.861468308174274,19.505188126078266,9,1.0,55.686772681574894
T_south_deep,M2_RandomForest,Capped (Nov–Jan),33,6.13317058725793,-3.831228330770564,18.091899058789764,7,0.75,63.281493176564
T_south_deep,M2_RandomForest,Closed (Feb–Apr),26,3.0101096607879407,-8.353911094856425,16.688339125680972,7,0.875,27.143448499123068
T_south_deep,M2_RandomForest,Closed (May–Oct),8,-14.83431938050157,-30.19393106089703,3.975783697733992,4,0.8,72.82821243908522
T_south_deep,M3_XGBoost,COVID closure 2020,5,2.2256454845114515,-10.851725460027662,18.019010547150494,9,1.0,31.348571687932502
T_south_deep,M3_XGBoost,Capped (Nov–Jan),33,9.291164930458251,-0.8439636449646515,20.447466204133335,7,0.375,31.2895991928529
T_south_deep,M3_XGBoost,Closed (Feb–Apr),26,-2.4218953512949226,-12.202786115923626,8.905831007648413,7,0.75,18.05730434217432
T_south_deep,M3_XGBoost,Closed (May–Oct),8,-12.341470183791724,-26.758539786015977,6.5305544900648105,4,0.6,56.44606463013162
T_west,M0_Ratio,COVID closure 2020,5,29.36236347532235,-23.937526301027244,160.55999301289026,9,0.2,111.67703182547082
T_west,M0_Ratio,Capped (Nov–Jan),33,9.098231253434452,-3.7311206777291495,27.94919756857368,7,0.625,25.04939022912087
T_west,M0_Ratio,Closed (Feb–Apr),26,-8.800307992134682,-18.72971846855399,3.9037857148520816,7,0.75,25.047927638761138
T_west,M0_Ratio,Closed (May–Oct),8,90.37686282586776,37.236074614149395,169.90032788152095,4,1.0,15.663761215677162
T_west,M1_Ridge,COVID closure 2020,5,-27.320343329750465,-45.40401775579074,-12.974353488599421,9,0.1,15.818952983806046
T_west,M1_Ridge,Capped (Nov–Jan),33,10.914717559393106,1.3743522955634413,21.619409637791055,7,0.25,21.667188746779864
T_west,M1_Ridge,Closed (Feb–Apr),26,-1.0028602127076236,-12.034003644586033,10.77321448943216,7,0.875,30.315820136204508
T_west,M1_Ridge,Closed (May–Oct),8,-12.520011377219376,-32.5382412698288,18.637134208739646,4,0.6,46.01217773384325
T_west,M2_RandomForest,COVID closure 2020,5,-19.50869598864816,-42.46325628526038,21.247452058768722,9,0.3,73.77467362856737
T_west,M2_RandomForest,Capped (Nov–Jan),33,3.843133134785859,-7.011499780030617,17.43930047235689,7,0.875,84.67419749954401
T_west,M2_RandomForest,Closed (Feb–Apr),26,-1.097771710198192,-13.471831479465857,15.952522012974303,7,0.875,42.69021993842106
T_west,M2_RandomForest,Closed (May–Oct),8,-30.939493965718967,-39.385284107552124,-21.532851277111497,4,0.2,47.327034440360926
T_west,M3_XGBoost,COVID closure 2020,5,-18.08427513195857,-44.49739298170182,11.464921379966352,9,0.1,31.180253284047655
T_west,M3_XGBoost,Capped (Nov–Jan),33,10.812769700543946,0.9766767532047194,23.41540253415566,7,0.5,47.49787939651509
T_west,M3_XGBoost,Closed (Feb–Apr),26,-5.9371369392111735,-15.247617858755348,5.549452420164669,7,0.625,53.56030334686708
T_west,M3_XGBoost,Closed (May–Oct),8,-34.75354493274529,-43.19518931192927,-23.682365330003098,4,0.2,18.6969702165505
T_west_deep,M0_Ratio,COVID closure 2020,5,15.096376313894822,-24.40871358907255,86.48097075990766,9,0.3,93.65591266987391
T_west_deep,M0_Ratio,Capped (Nov–Jan),33,11.96751874732036,-0.2642654296320268,28.2380502312936,7,0.5,26.889084564510668
T_west_deep,M0_Ratio,Closed (Feb–Apr),26,-8.23102181844072,-16.2831492131712,2.074042902537121,7,0.75,22.016938058470203
T_west_deep,M0_Ratio,Closed (May–Oct),8,59.40647966151171,17.43919683001971,115.09724523218262,4,1.0,10.82924582232867
T_west_deep,M1_Ridge,COVID closure 2020,5,-28.918190178401424,-45.749897051417065,-9.91895918730541,9,0.1,16.33206838932488
T_west_deep,M1_Ridge,Capped (Nov–Jan),33,12.547959130165843,3.375841675452773,23.155047336514812,7,0.125,22.51106112570962
T_west_deep,M1_Ridge,Closed (Feb–Apr),26,-1.4860190422517183,-11.253824826877057,8.707038874205232,7,0.875,26.94492490248099
T_west_deep,M1_Ridge,Closed (May–Oct),8,-15.26191048624258,-30.66304186466563,7.946234618330972,4,0.2,34.93782715151854
T_west_deep,M2_RandomForest,COVID closure 2020,5,-18.240122997886342,-38.647821172264095,8.306524461685516,9,0.3,70.79920340382533
T_west_deep,M2_RandomForest,Capped (Nov–Jan),33,5.21834700954964,-6.148850345095536,17.86503284117216,7,0.875,86.08629065218724
T_west_deep,M2_RandomForest,Closed (Feb–Apr),26,-0.7273610099550631,-12.223653564635928,14.070118210463578,7,1.0,40.72825307467636
T_west_deep,M2_RandomForest,Closed (May–Oct),8,-28.65242572993214,-36.07065529973451,-20.386407972398878,4,0.4,49.31763931146678
T_west_deep,M3_XGBoost,COVID closure 2020,5,-15.731797880857034,-40.23030580537501,18.270729356922686,9,0.2,35.51624301494123
T_west_deep,M3_XGBoost,Capped (Nov–Jan),33,13.057439588275077,4.043676147418629,24.320734624249862,7,0.375,46.88662345276813
T_west_deep,M3_XGBoost,Closed (Feb–Apr),26,-2.7437817624187844,-12.00062549828803,8.833937351027576,7,0.625,55.790860579266166
T_west_deep,M3_XGBoost,Closed (May–Oct),8,-30.290931998643966,-41.725965497717155,-17.776978986309764,4,0.2,45.757628033096886
