overpass,tide_now,tide_range,tide_trend
2017-01-09 04:32:00,-0.6196927024589346,2.0024754137996443,-0.6565338307808791
2017-02-08 04:32:00,-0.23126811080703824,2.0140826749884733,-0.7711017445216206
2017-02-18 04:32:00,-0.02457463784350305,1.4123711572524946,0.6613972586049869
2017-10-16 04:32:00,-0.2115858481824889,1.7276867430522973,-0.8213487907850491
2017-11-05 04:32:00,1.1972598857548982,3.193519936872679,-0.6751325839272024
2017-11-10 04:32:00,-0.0977260864896087,1.6928108045552248,0.6363339490300058
2017-11-30 04:32:00,-0.5605352556164661,1.903463712288079,-0.6895142474081001
2017-12-15 04:32:00,-0.1275192646091126,1.8904514192354043,-0.7788236251243462
2017-12-20 04:32:00,0.8531567605544799,2.3373183615832223,-0.1699175907363758
2017-12-30 04:32:00,-0.5433461492592878,2.1812463674184848,-0.7913559634522267
2018-01-04 04:32:00,1.1602139485094887,3.010991459103259,0.11349295853809693
2018-01-09 04:32:00,-0.4460831903069967,1.404645209345326,0.49416360663547937
2018-01-19 04:32:00,0.9373964998083926,2.411289838502703,-0.003750758118812758
2018-01-29 04:32:00,-0.23611072219677826,2.283927574154292,-0.8807235021805014
2018-02-13 04:32:00,0.13306853659450552,1.79228139811352,-0.6495217582164268
2018-02-23 04:32:00,-0.22902244543658695,1.6699425312956624,0.7700069760448153
2018-03-05 04:32:00,1.1448172058017336,2.735286781262597,0.5658514660533479
2018-03-10 04:32:00,-0.22831537343164,0.8814322705448386,0.3608135798755543
2018-04-09 04:32:00,-0.20986449245437697,0.7242021466745843,0.23527002628069654
2018-04-14 04:32:00,0.4795477284787779,2.1828555918829418,-0.8896797255319598
2018-05-29 04:32:00,0.979849659876928,2.3976116611847527,-0.7137910334836072
2018-10-16 04:32:00,0.028115492853335665,1.1514012154096815,0.4147494865280683
2018-11-25 04:32:00,1.1441086190356295,2.934907585198475,-0.21361228774363394
2018-11-30 04:32:00,-0.4827315844279033,1.470588728717361,0.43459106253083946
2018-12-10 04:32:00,0.8374987463493703,2.3381058961886256,0.06306019068434532
2018-12-15 04:32:00,-0.24997416439234493,1.1891674319395786,0.4223425863627356
2018-12-25 04:32:00,1.0818978165290276,2.9031100203670803,0.1962599924109899
2018-12-30 04:32:00,-0.6569807754847728,1.4599133835534652,0.32854735566483023
2019-01-04 04:32:00,0.1790292845222862,2.1162161183792882,-0.7765586986393764
2019-01-09 04:32:00,0.8169044127626008,2.232499461785369,0.22477425425510167
2019-01-14 04:32:00,-0.3117335071977106,1.3710971485048606,0.5426172349918724
2019-01-19 04:32:00,-0.11234618036170924,2.364628654902935,-0.915737938473264
2019-01-24 04:32:00,1.025552915266689,2.9779713057912014,0.6201664348820568
2019-01-29 04:32:00,-0.5662262085126727,1.157576159882841,0.23467451454287885
2019-02-03 04:32:00,0.3613790445018572,2.0246876966396146,-0.6456450839028759
2019-02-08 04:32:00,0.929958116025003,2.3405017184118018,0.3674789720897289
2019-02-13 04:32:00,-0.3360050494535458,1.3837850551787851,0.5933297498703303
2019-02-18 04:32:00,0.315434450404329,2.6392371559004895,-0.9514410727723621
2019-02-23 04:32:00,0.9813530496125606,2.922694590226084,0.8419319750901137
2019-02-28 04:32:00,-0.38096081308928503,0.8089652185619537,0.10537402694743592
2019-03-05 04:32:00,0.5723013428612728,2.0994500465056647,-0.6368984429737674
2019-03-10 04:32:00,1.093836841696798,2.43577567543584,0.46707978470047795
2019-03-15 04:32:00,-0.3921622759887293,1.2414983251981893,0.4360057812539473
2019-03-20 04:32:00,0.8261207927806344,2.841816830118827,-0.9456686053204824
2019-03-25 04:32:00,0.8999112752692071,2.4645138398158792,0.8143341727036766
2019-03-30 04:32:00,-0.26986548320573084,0.6908062612782062,-0.05357279418264954
2019-04-04 04:32:00,0.7602870068673186,2.201378713262901,-0.7131878046937413
2019-04-09 04:32:00,1.1595305108762826,2.563375416249623,0.556659449565838
2019-04-14 04:32:00,-0.4822144187490907,1.1555873844356617,0.0736188224751278
2019-04-19 04:32:00,1.178659809614685,2.9214740200039815,-0.8493654258025743
2019-04-24 04:33:00,0.75418328986562,2.0417516463360235,0.6899899683227044
2019-04-29 04:32:00,-0.2640990534279088,0.8828975754941514,-0.1939930308352248
2019-05-04 04:33:00,0.9032650699238404,2.4162573431049337,-0.8054694285354076
2019-05-09 04:32:00,0.9908132697019749,2.3929889773140416,0.6958716150242871
2019-05-14 04:33:00,-0.5059396454554069,1.5069938551054305,-0.32196258568909003
2019-05-19 04:32:00,1.2715110673778056,2.8217505300411623,-0.647614614360712
2019-05-24 04:33:00,0.58063423050479,1.7047725944009007,0.6420504982353541
2019-05-29 04:32:00,-0.30646194983273234,1.0893486938933854,-0.27463097778497914
2019-06-03 04:33:00,1.0591154758115031,2.6201024656905743,-0.8011052123932279
2019-06-08 04:32:00,0.626239692575409,2.137901462106443,0.8696704992990664
2019-06-13 04:33:00,-0.37792240839991403,1.6793985403148766,-0.5783793810038832
2019-06-18 04:32:00,1.2312873381817988,2.486158736678202,-0.396248650415302
2019-06-23 04:33:00,0.4542389147954314,1.6072089826051623,0.6754877720735694
2019-06-28 04:32:00,-0.3347275502156691,1.2291025935499953,-0.31519756531925314
2019-07-03 04:33:00,1.2861960224952262,2.7514698520567107,-0.6324084976746717
2019-07-08 04:32:00,0.24978364986413137,2.0410076830175283,0.9456443597029686
2019-07-13 04:33:00,-0.12184464082059336,1.6119193012807722,-0.657499258903982
2019-07-23 04:33:00,0.3965719555219719,1.6366260890393838,0.7130518924518912
2019-07-28 04:32:00,-0.3026673038762281,1.3546051281056177,-0.4064866854788534
2019-08-02 04:33:00,1.5447380362885839,2.953202534363708,-0.34716067030893716
2019-08-07 04:32:00,0.004269649671042694,1.7805066301325672,0.8165499605150346
2019-08-12 04:33:00,0.1484980939291016,1.4756742356016597,-0.6799914037680401
2019-08-17 04:32:00,1.2382357445027201,2.3441497197169805,-0.12183081347057101
2019-08-22 04:32:00,0.35149990785663543,1.64678071199093,0.6989918578766493
2019-08-27 04:32:00,-0.1800968227149679,1.492553304994443,-0.6393093622024933
2019-09-01 04:32:00,1.6403609394428176,3.2088243001094465,-0.07017211093825226
2019-09-06 04:32:00,-0.10204470685718264,1.3893063565751467,0.533354232293376
2019-09-11 04:32:00,0.30559067442220134,1.6153410121513425,-0.7508908825348527
2019-09-16 04:32:00,1.2210088814658968,2.445001793987785,-0.13972922628051176
2019-09-21 04:32:00,0.23017953456293488,1.6238569088459403,0.618226140811012
2019-09-26 04:32:00,-0.01189099290320035,2.0465435302461947,-0.975944475030118
2019-10-01 04:32:00,1.4438289939874263,3.0934989601151814,0.09667256350011066
2019-10-06 04:32:00,-0.17240352967572234,0.8906968984482093,0.25433685088476643
2019-10-11 04:32:00,0.28971476388735706,1.834187274994833,-0.8517739348511597
2019-10-16 04:32:00,1.1354719551721186,2.597910372304165,-0.16363027658561458
2019-10-21 04:32:00,-0.051132716831497255,1.3435464079666137,0.4859699053398401
2019-10-26 04:32:00,0.11695556073313551,2.58641177896751,-1.208229870746199
2019-10-31 04:32:00,1.0786626643848265,2.7489346671459813,0.1962168576848996
2019-11-05 04:32:00,-0.2919047672094137,0.760922725085728,0.11091572447109199
2019-11-10 04:32:00,0.16677507753596674,2.0864085934041907,-0.9061981105600647
2019-11-15 04:32:00,1.0238907036104765,2.649777482510569,-0.06816201301637259
2019-11-20 04:32:00,-0.44704622791602966,1.2895605068120037,0.3389703602686033
2019-11-25 04:32:00,0.21710713319453773,2.7806960375152086,-1.1601196078588774
2019-11-30 04:32:00,0.7661927153159173,2.2920529717590714,0.2997634818482974
2019-12-05 04:32:00,-0.4224779264491646,0.8943509847365345,0.12274891538868904
2019-12-10 04:32:00,0.06125347792299283,2.2173635864779992,-0.8914750659549799
2019-12-15 04:32:00,0.9264850322535357,2.586854431932678,0.22175193670913496
2019-12-20 04:32:00,-0.7401530270707508,1.4905045533898436,0.2179441660346284
2019-12-25 04:32:00,0.3565940671119463,2.5182219536875374,-0.8976926071476996
2019-12-30 04:32:00,0.638146352467282,2.147825651438877,0.4386875972922836
2020-01-04 04:32:00,-0.4802507037396577,1.0181060105417796,0.22037665849801075
2020-01-09 04:32:00,0.12201992877109102,2.317846510811039,-0.8544722314427413
2020-01-14 04:32:00,0.8507806679854433,2.742092314698339,0.6360375068781386
2020-01-19 04:32:00,-0.7330288327565683,1.3893718979819618,0.09609265125202382
2020-01-24 04:32:00,0.5519258273721893,2.315650685754242,-0.6332077607161977
2020-01-29 04:32:00,0.6883101168879036,2.210450657867921,0.5705025517537741
2020-02-03 04:32:00,-0.4516918413588038,1.035914361732051,0.2978907693469991
2020-02-08 04:32:00,0.4285962550801216,2.559529297020381,-0.8417664380890113
2020-02-13 04:32:00,0.7935620463668057,2.8495927025978522,0.9553230372879673
2020-02-18 04:32:00,-0.49756498828843015,1.0615059659732946,-0.07902215179070615
2020-02-23 04:32:00,0.7758956315569967,2.337211629080949,-0.5058843139753071
2020-02-28 04:32:00,0.8178155950361563,2.2475539418888024,0.6374749929444725
2020-03-04 04:32:00,-0.41550894800909244,0.9904759060075771,0.2360515135792166
2020-03-09 04:32:00,0.9106642869331103,2.951362611408295,-0.832016881012799
2020-03-14 04:32:00,0.695369142584198,2.532008226578922,0.99675797733964
2020-03-19 04:32:00,-0.2602519077249577,1.0073450568898892,-0.28699913424505635
2020-03-24 04:32:00,0.974885400930237,2.3532624060942493,-0.5080806977824394
2020-03-29 04:32:00,0.897955270840456,2.23433542770508,0.6429457602470061
2020-04-03 04:32:00,-0.4431990223285894,1.061739393421882,-0.02047095220184525
2020-04-08 04:32:00,1.3478250856356535,3.1590529520090387,-0.7561307635175571
2020-04-13 04:32:00,0.49666109535694736,2.0001354162795324,0.8270992249127229
2020-04-18 04:32:00,-0.1427838057640116,1.1909883827123713,-0.4625176447630315
2020-04-23 04:32:00,1.1008755246967212,2.458597199286678,-0.5474254225577972
2020-04-28 04:32:00,0.8090443342863047,2.071038421376552,0.6632389155510826
2020-05-03 04:32:00,-0.473803978387288,1.5097454596932303,-0.3900261458335538
2020-05-08 04:32:00,1.517244691822697,3.2051366666463332,-0.5514466278399099
2020-05-13 04:32:00,0.2658363072041162,1.4765631538964026,0.6643713377990013
2020-05-18 04:32:00,-0.11903662467172962,1.3066606854799703,-0.5612029053262033
2020-05-23 04:32:00,1.168608633704681,2.503874127740153,-0.5286289556480629
2020-05-28 04:32:00,0.5337065656248702,1.867217723399671,0.762081272714108
2020-06-02 04:32:00,-0.37981019960346446,1.8624276557020405,-0.7009171206948785
2020-06-07 04:32:00,1.4379849826627706,2.781073314073143,-0.23669511002001853
2020-06-12 04:32:00,0.11247082500390962,1.286252838180566,0.613550037311513
2020-06-17 04:32:00,-0.10442916709005426,1.411324388404192,-0.5848810404108344
2020-06-22 04:32:00,1.2614478995203604,2.5154967901798018,-0.3883766688377406
2020-06-27 04:32:00,0.1901259301259773,1.8537147167937567,0.8629924001903523
2020-07-02 04:32:00,-0.10923721199035713,1.9769675962683453,-0.8283846488364086
2020-07-07 04:32:00,1.3172231739536535,2.481441525723635,0.04985328113696652
2020-07-12 04:32:00,0.05985889693661235,1.3424891388666598,0.6154267384388237
2020-07-17 04:32:00,-0.04158081890465718,1.4228882068116298,-0.5959371242172116
2020-07-22 04:32:00,1.4368322645522122,2.6866312949241755,-0.14061132070654625
2020-07-27 04:32:00,-0.08766757289505375,1.797656564088626,0.7993783256313463
2020-08-01 04:32:00,0.2635305980728518,1.8227715613966784,-0.8182056673619873
2020-08-06 04:32:00,1.2535063943611844,2.394971052757282,0.1808323003723482
2020-08-11 04:32:00,0.06328284514782795,1.3159634207952262,0.5756010424446609
2020-08-16 04:32:00,0.08216154845037009,1.5163879536212599,-0.6975010716314812
2020-08-21 04:32:00,1.573000871836567,3.0076580491461464,0.11306283325999877
2020-08-26 04:32:00,-0.23304163644887146,1.467974586249429,0.5130982193372919
2020-08-31 04:32:00,0.5497748459606556,1.9505880160347835,-0.8148688269317159
2020-09-05 04:32:00,1.1877935800375514,2.3297995239665004,0.16564961920196886
2020-09-10 04:32:00,0.04427798855341749,1.2521274304726733,0.4665728348509643
2020-09-15 04:32:00,0.23030495769593398,1.985492578465501,-0.9428748492674031
2020-09-20 04:32:00,1.460626849156755,3.071157562961528,0.2920058625521924
2020-09-25 04:32:00,-0.28630962409653515,0.9067873895114201,0.12796197722309607
2020-09-30 04:32:00,0.609419239385381,2.1427752236454514,-0.8612224629352142
2020-10-05 04:32:00,1.0595041425531926,2.4001854072474718,0.10271847418875812
2020-10-10 04:32:00,-0.08926496627992325,1.0246983646990002,0.321704634870316
2020-10-15 04:32:00,0.3304297774059391,2.648444382530495,-1.2078962398596367
2020-10-20 04:32:00,1.0897426906990593,2.8462678279602898,0.40150785977436365
2020-10-25 04:32:00,-0.3614264550264258,0.8374589856635363,-0.15068629760006425
2020-10-30 04:32:00,0.498342604735848,2.2917658250792394,-0.8842492227750257
2020-11-04 04:32:00,0.8909888860065671,2.3557454252803804,0.10318553739208536
2020-11-09 04:32:00,-0.38488595838969114,1.0168004305367728,0.18803416063295986
2020-11-14 04:32:00,0.3954945024402884,3.08525427236217,-1.254260572629231
2020-11-19 04:32:00,0.6631169788761071,2.353950160308945,0.4916509690995412
2020-11-24 04:32:00,-0.4774987467216666,0.9814011517473822,-0.2126093226008165
2020-11-29 04:32:00,0.37274082563661715,2.3111557432318284,-0.8302889772939249
2020-12-04 04:32:00,0.7466222206037246,2.2171496469606495,0.25582249588156014
2020-12-09 04:32:00,-0.7200688861257396,1.4004190972993258,0.0974089860369135
2020-12-14 04:32:00,0.5188961385442089,2.8991540822951007,-1.0066709592494045
2020-12-19 04:32:00,0.39556045467778267,2.0582735173714695,0.6056646519893273
2020-12-24 04:32:00,-0.5396733126232244,1.0521721922055487,-0.12739646830242118
2021-01-03 04:32:00,0.6572452228763994,2.324311851451557,0.5725080229963893
2021-01-08 04:32:00,-0.8307983492870298,1.5769700828005084,0.0073963663403798785
2021-01-13 04:32:00,0.7209951590897263,2.6622303728077448,-0.6376937332826889
2021-01-18 04:32:00,0.3701586412676751,2.047696324248494,0.7220326214883094
2021-01-23 04:32:00,-0.49320898406539604,0.9881507036475692,-0.03814139287177326
2021-01-28 04:32:00,0.5602238399545237,2.41243824257356,-0.6452392053637346
2021-02-02 04:32:00,0.6162758486285308,2.5966307092830183,0.9139283853592968
2021-02-07 04:32:00,-0.6245006740220904,1.354470575776221,-0.17078040928745353
2021-02-12 04:32:00,0.952313612388158,2.5664373071950353,-0.36782427232168113
2021-02-17 04:32:00,0.4902191300181282,2.009739278185764,0.7701315242220776
2021-02-22 04:32:00,-0.3896788837437458,0.864419933883293,-0.05175873524524477
2021-02-27 04:32:00,0.9456214647094717,2.7985868366055455,-0.6085647427912958
2021-03-04 04:32:00,0.5492001162560091,2.502141597573514,1.04501283712805
2021-03-09 04:32:00,-0.284736664294275,1.340995396670384,-0.42596598374404615
2021-03-14 04:32:00,1.149757352992327,2.515615249631525,-0.2800724693760628
2021-03-19 04:32:00,0.5864143670326583,1.9062293047972823,0.726239040722196
2021-03-24 04:32:00,-0.3290255130026419,1.018963627165074,-0.21606026504893222
2021-03-29 04:32:00,1.384613822694997,3.0851383971435267,-0.56365828653094
2021-04-03 04:32:00,0.3437742247414459,1.9914340827879613,0.8918112493259953
2021-04-08 04:32:00,-0.01764954070601079,1.5709787435358105,-0.6484200919930936
2021-04-13 04:32:00,1.2475996869361996,2.509814117500283,-0.29198265157846215
2021-04-18 04:32:00,0.548175855869369,1.7296833344299374,0.6525947666147313
2021-04-23 04:32:00,-0.3274847338675843,1.4589875969997328,-0.4998544095819225
2021-04-28 04:32:00,1.6303971855167372,3.2989842645559655,-0.4092734939815794
2021-05-03 04:32:00,0.04618144296006614,1.3643354930742067,0.6359036994640006
2021-05-08 04:32:00,0.11180035568918227,1.6628984706969292,-0.7590370939635598
2021-05-13 04:32:00,1.2422517366020234,2.4303682048619595,-0.26982229759687393
2021-05-18 04:32:00,0.36261064611660176,1.5147252329986758,0.6468818055715851
2021-05-23 04:32:00,-0.279840762188645,1.9322532295764867,-0.7910086483803838
2021-05-28 04:32:00,1.5724090685541088,3.002200658248856,-0.08881027420770526
2021-06-02 04:32:00,-0.1646267403373732,1.1893394777949506,0.46968003315185125
2021-06-07 04:32:00,0.16783639842175527,1.705155527432182,-0.7570244448400185
2021-06-12 04:32:00,1.215559567530642,2.304216724852685,-0.14620753165938183
2021-06-17 04:32:00,0.10773699288764729,1.5550936153988624,0.7172878600385701
2021-06-22 04:32:00,-0.0688949906596183,2.198860387437392,-0.9507093926899078
2021-06-27 04:32:00,1.3755051325325707,2.6322989333535887,0.2807444321675059
2021-07-02 04:32:00,-0.21610769556857035,1.1801905475542775,0.41031564623639155
2021-07-07 04:32:00,0.25151523548924404,1.626552349068073,-0.7065077701518649
2021-07-12 04:32:00,1.2668790389210562,2.375670656682954,0.058630224924011376
2021-07-17 04:32:00,-0.12451388202259238,1.7131021837374427,0.7232563303503964
2021-07-22 04:32:00,0.3255805305848763,2.142296985162938,-0.9432838810414959
2021-07-27 04:32:00,1.2154782549569716,2.467658309041841,0.48873425782402
2021-08-01 04:32:00,-0.1698165704856817,1.0747043128160083,0.36043026117722854
2021-08-06 04:32:00,0.39130383934275875,1.6339845531192303,-0.7064495448369423
2021-08-11 04:32:00,1.3724794381407488,2.6262372153768467,0.2634459681187826
2021-08-16 04:32:00,-0.2734970003276802,1.5446580442200768,0.5147318334428806
2021-08-21 04:32:00,0.7325293337597152,2.2423578283759396,-0.8839985718392893
2021-08-26 04:32:00,1.0914766200417443,2.3586670167641,0.4759755757983011
2021-08-31 04:32:00,-0.11989066803245231,0.9014722524622663,0.2448471478567275
2021-09-05 04:32:00,0.5332023598940712,1.988112782010848,-0.83755009872915
2021-09-10 04:32:00,1.3441940464051678,2.8186809832448674,0.4057721944734505
2021-09-15 04:32:00,-0.32941890744974706,1.0550568205942787,0.1027897108018388
2021-09-20 04:32:00,0.8997788187875425,2.463516982032388,-0.862677028778507
2021-09-25 04:32:00,0.9402402485253211,2.261784488124474,0.3607465456651088
2021-09-30 04:32:00,-0.15387010350160688,0.6695974870593059,0.08236982649512724
2021-10-05 04:32:00,0.5989433726782949,2.531408109410006,-1.0629301128630715
2021-10-10 04:32:00,1.0528872911203566,2.811141864861026,0.4964386488842544
2021-10-15 04:32:00,-0.3760004891241023,1.028969435252453,-0.31049575760163395
2021-10-20 04:32:00,0.7989670458612479,2.525308269386544,-0.8353170278937402
2021-10-25 04:32:00,0.7467248179623108,2.090338242775923,0.2837145861508095
2021-10-30 04:32:00,-0.3370266398064279,0.7475925421429431,-0.053174827199715724
2021-11-04 04:32:00,0.6001862700148842,3.070625448933513,-1.1822671792724448
2021-11-09 04:32:00,0.5887319178355068,2.318210243627021,0.5771098412741751
2021-11-14 04:32:00,-0.4630410177205602,1.346694158446745,-0.49739679581608787
2021-11-19 04:32:00,0.6273293424599874,2.422683232918063,-0.7390111240406126
2021-11-24 04:32:00,0.5604483294554842,1.9164343453636308,0.33036939954266786
2021-11-29 04:32:00,-0.6321759001419704,1.1920253059397452,-0.1090455333118211
2021-12-04 04:32:00,0.661153837479831,3.0982135216851745,-1.0194372406832894
2021-12-09 04:32:00,0.1787979390553523,2.008885625317589,0.6800599343588363
2021-12-14 04:32:00,-0.505436799178496,1.410049084531071,-0.44360938195313915
2021-12-19 04:32:00,0.5612159690324794,2.277222502109211,-0.5826480117394315
2021-12-24 04:32:00,0.4452895966640631,1.9004240510139878,0.5284502279409747
2021-12-29 04:32:00,-0.8238385182445778,1.610494991052914,-0.12806644336059403
2022-01-03 04:32:00,0.8427259579353819,2.8994230622890758,-0.6284677764521568
2022-01-08 04:32:00,0.02573042353209866,1.9683538739437614,0.7845692043964
2022-01-13 04:32:00,-0.4320142330009228,1.2194721222225033,-0.32979535439672036
2022-01-18 04:32:00,0.6691675429941824,2.287275043264131,-0.4306066794997918
2022-01-23 04:32:00,0.4240788968697605,2.2023176110680307,0.8121137713809371
2022-01-28 04:32:00,-0.7147642910305446,1.5830836088705753,-0.24208391947633756
2022-02-02 04:32:00,1.0853408425907856,2.8618625537460805,-0.23448348356889714
2022-02-07 04:32:00,0.11826551235240693,1.834894706414464,0.8114493828906677
2022-02-12 04:32:00,-0.2795274929833607,1.104798654880242,-0.3097345206619213
2022-02-17 04:32:00,0.9478160880184339,2.5181315217742006,-0.3418346211699258
2022-02-22 04:32:00,0.42486788039027223,2.3261669210492015,0.9894038340538204
2022-02-27 04:32:00,-0.361881090203433,1.5898072923060562,-0.4974020446189137
2022-03-04 04:32:00,1.2922513580559596,2.876553789586815,-0.028547357267262763
2022-03-09 04:32:00,0.24694420050663404,1.6043962532315281,0.7277564713772078
2022-03-14 04:32:00,-0.13784070100771126,1.2346184626420897,-0.4210773706392461
2022-03-19 04:32:00,1.317671632893414,2.8138254820126596,-0.30751707392122096
2022-03-24 04:32:00,0.2829262292552044,1.9884262042150942,0.9017475089351816
2022-03-29 04:32:00,0.030053857509885137,1.8857825947736027,-0.7702820270217897
2022-04-03 04:32:00,1.3648417832326099,2.7431317102793256,-0.006740372699794994
2022-04-08 04:32:00,0.2506676444581486,1.3543163164238596,0.5943136333203872
2022-04-13 04:32:00,-0.06662226089754048,1.5341150703490034,-0.6275870791493563
2022-04-18 04:32:00,1.583128838615252,3.130445277875329,-0.22780088658889408
2022-04-23 04:32:00,-0.03331230079783567,1.3581951991694428,0.6229307615784152
2022-04-28 04:32:00,0.2998177538892238,2.0431479200133573,-0.9112019744554991
2022-05-03 04:32:00,1.2887930616645362,2.4956740222371847,-0.0068947064772872935
2022-05-08 04:32:00,0.1251456802561339,1.1164104375743396,0.5062639520123482
2022-05-13 04:32:00,-0.028334155424399717,1.8785086306185967,-0.8548407119507884
2022-05-18 04:32:00,1.5727136045595456,3.0303597789728496,0.027155666906809373
2022-05-23 04:33:00,-0.3165914796277874,1.2647582960782435,0.3557414681004487
2022-05-28 04:32:00,0.42406508784444213,2.051653944936235,-0.8761893311519806
2022-06-02 04:33:00,1.1660812231764814,2.2170889609746984,0.07954420197353274
2022-06-07 04:32:00,-0.04616921858412848,1.1771837979042457,0.5131485225082577
2022-06-12 04:33:00,0.08621542028152303,2.2534183283447002,-0.999702668807017
2022-06-17 04:32:00,1.359743186912747,2.698174694215405,0.4264522529259931
2022-06-22 04:33:00,-0.40330736842235965,1.2673225548370284,0.197293497937036
2022-06-27 04:32:00,0.516425142700111,1.8688714264674358,-0.7447005527508339
2022-07-02 04:33:00,1.109311129102293,2.1098081339699597,0.2486226424756326
2022-07-07 04:32:00,-0.1926631973353407,1.4564382573589356,0.5459104939311933
2022-07-12 04:33:00,0.4087739151763157,2.3224729228695145,-1.0016987339025731
2022-07-17 04:32:00,1.126947795131961,2.569767830455,0.7279230102477758
2022-07-22 04:33:00,-0.31405402341626726,1.0814044305493973,0.10691624716840048
2022-07-27 04:32:00,0.6604548625333925,1.810159411186802,-0.6502756992508167
2022-08-01 04:33:00,1.1408861929794956,2.2777965592382534,0.3988605044990129
2022-08-06 04:32:00,-0.28831969732276275,1.4834775185409963,0.447496689481856
2022-08-11 04:33:00,0.8609920793662613,2.4672173104030994,-0.9271495973030192
2022-08-16 04:32:00,0.9314495110460264,2.368377097554334,0.7571514219129869
2022-08-21 04:33:00,-0.18303357022943878,0.7767557685649716,-0.011450282639153403
2022-08-26 04:32:00,0.8060361584138251,2.0075462574767657,-0.6816859548348433
2022-08-31 04:33:00,1.1450822831249812,2.500532423008906,0.47438162930638816
2022-09-05 04:32:00,-0.3278020728965243,1.1557875264583144,0.11513924886470758
2022-09-10 04:33:00,1.1442330935408642,2.83503028846666,-0.8665692323623961
2022-09-15 04:32:00,0.7473634929178464,2.1765259021430126,0.5931068676720336
2022-09-20 04:33:00,-0.14272197685460458,0.596937246013793,-0.1844191764561168
2022-09-25 04:32:00,0.8541594380995328,2.3784661116612034,-0.830531171236002
2022-09-30 04:33:00,0.967479390557473,2.5886532016757906,0.5056879263850628
2022-10-05 04:32:00,-0.36759788459665854,1.1072880794718234,-0.351026900979755
2022-10-10 04:32:00,1.0968076408293757,2.8935227775438777,-0.7836833997223078
2022-10-15 04:32:00,0.5480628323852197,1.8949718720552435,0.42916999886173746
2022-10-20 04:32:00,-0.25109510922191813,0.8755246034387203,-0.33944795426296215
2022-10-25 04:32:00,0.7980745220841716,2.839643847621777,-0.9622022689248094
2022-10-30 04:32:00,0.5666157182386119,2.206635113138698,0.5600675307841377
2022-11-04 04:32:00,-0.44890184409700973,1.6197988238800791,-0.6737167089544817
2022-11-09 04:32:00,0.8698921630360403,2.6724918946234433,-0.6400268313043134
2022-11-14 04:32:00,0.3430410931685873,1.5890515882398462,0.39462382197891605
2022-11-19 04:32:00,-0.48319871673459003,1.218193193212119,-0.3899989683489594
2022-11-24 04:32:00,0.7723917493347914,3.013788859142873,-0.8922373220711897
2022-11-29 04:32:00,0.0848957491674429,1.876854755203883,0.6556038403023017
2022-12-04 04:32:00,-0.47140956666000566,1.8244441891030436,-0.697242653912507
2022-12-09 04:32:00,0.7146528660944507,2.326097578477726,-0.4358324788252969
2022-12-14 04:32:00,0.1984577601384527,1.5650884566696428,0.5093543863011337
2022-12-19 04:32:00,-0.6879068565664764,1.576001226053822,-0.35068901275928754
2022-12-24 04:32:00,0.8907075496516439,2.9064084641815473,-0.5642427745030143
2022-12-29 04:32:00,-0.22140272708169795,1.932420387581792,0.7670869332999972
2023-01-03 04:32:00,-0.3470046306583348,1.5925842325735333,-0.5606419597198302
2023-01-08 04:32:00,0.7398924989964552,2.226012984610774,-0.22958846552973822
2023-01-13 04:32:00,0.1762746216665377,1.8204981963923974,0.7147639077579737
2023-01-18 04:32:00,-0.6713161073065668,1.664099405171612,-0.364872516712037
2023-01-23 04:32:00,1.1251347509112701,2.9925291560336866,-0.11783621605481498
2023-01-28 04:32:00,-0.21594226425751722,1.7777380149055062,0.7814835846287311
2023-02-02 04:32:00,-0.1294231483708137,1.413463102673449,-0.4824727537527447
2023-02-07 04:32:00,0.9321520521607399,2.3919733276531394,-0.08889994567351822
2023-02-12 04:32:00,0.24060528688676963,1.9963431068224842,0.8776901506656325
2023-02-17 04:32:00,-0.38911299912025227,1.7420247479315822,-0.5519409205301246
2023-02-22 04:32:00,1.359456273377547,3.1660923810489408,0.20989420640561596
2023-02-27 04:32:00,-0.06918414902718227,1.3602559608310947,0.6451127407609386
2023-03-04 04:32:00,0.0855845071335987,1.5387908464822595,-0.5437642778741574
2023-03-09 04:32:00,1.2123718303731517,2.588529388983634,-0.04132912541306277
2023-03-14 04:32:00,0.2126760019212358,1.8492520533994323,0.847082786766607
2023-03-19 04:32:00,0.03926392978187458,2.138080482738606,-0.8389844781882493
2023-03-24 04:32:00,1.4350264616742194,2.9508386630157313,0.3018577876544344
2023-03-29 04:32:00,-0.011875920898811667,0.9680281818207898,0.44557520748179025
2023-04-03 04:32:00,0.23289044553440325,1.7313944538696235,-0.6985515586008051
2023-04-08 04:32:00,1.4368082899964776,2.8486824855271067,-0.02311274470094893
2023-04-13 04:32:00,-0.03534763885234471,1.3400585179982039,0.6129798958373974
2023-04-18 04:32:00,0.43047559534907226,2.418189342727051,-1.0329272783143
2023-04-23 04:32:00,1.2937517648392483,2.573363303375368,0.2827378264053857
2023-04-28 04:32:00,-0.08855378445587342,0.7250524626952486,0.29652119546079486
2023-05-03 04:32:00,0.3035067299169414,1.8973558274129174,-0.8629805239292646
2023-05-08 04:32:00,1.4494730216155394,2.819560855099673,0.12005158638497915
2023-05-13 04:32:00,-0.356331735312228,1.292200233631934,0.3098676864523231
2023-05-18 04:32:00,0.6519491526914907,2.469126742464959,-0.9985341166034913
2023-05-23 04:32:00,1.0751460538582231,2.143848093782739,0.32786614173057427
2023-05-28 04:32:00,-0.20967726394063496,0.9585884345958072,0.24695879565987178
2023-06-02 04:32:00,0.369245213955139,2.2028905730093746,-0.9599562000051289
2023-06-07 04:32:00,1.2621259551923227,2.559767826985696,0.4633455774591798
2023-06-12 04:32:00,-0.5070570447463465,1.4712419796361544,0.06231134391369464
2023-06-17 04:32:00,0.7611374971209997,2.2003632299294096,-0.7793823032737055
2023-06-22 04:32:00,0.9348784336165433,1.9659819711888804,0.4541147943139021
2023-06-27 04:32:00,-0.28803408712111833,1.1575378000795564,0.26595307745460617
2023-07-02 04:32:00,0.5735772213898513,2.306817237389131,-0.9431296925760988
2023-07-07 04:32:00,1.0152188089602605,2.4877912848157115,0.8220961441707457
2023-07-12 04:32:00,-0.41068626840015315,1.3603786869725734,-0.09895426895345971
2023-07-17 04:32:00,0.8872825225521357,2.010291726337204,-0.5672050075264113
2023-07-22 04:32:00,0.900835123520862,2.0241319858631908,0.5627116172667426
2023-07-27 04:32:00,-0.30798020051526365,1.2509903527852084,0.24360296072415555
2023-08-01 04:32:00,0.9704328067345034,2.5125658120569625,-0.8596044751039584
2023-08-06 04:32:00,0.7708193298610762,2.4621821935832515,0.9339240982170742
2023-08-11 04:32:00,-0.181158738228588,0.9865857248707943,-0.23883236046760284
2023-08-16 04:32:00,1.0175448105039122,2.1370231654860343,-0.5048026067106606
2023-08-21 04:32:00,0.8956412196215939,2.129857249262753,0.5789157333798596
2023-08-26 04:32:00,-0.2962701451503185,1.1150151756819149,0.04205511867534484
2023-08-31 04:32:00,1.3245963726449945,3.0319186132262272,-0.790836213507808
2023-09-05 04:32:00,0.5364357033286541,2.179240616008479,0.7662836620028065
2023-09-10 04:32:00,-0.029788909192216384,0.9053373929706288,-0.41757675105980363
2023-09-15 04:32:00,1.0502532802601774,2.391308845120118,-0.5814886864248535
2023-09-20 04:32:00,0.8008108671633203,2.246443098960022,0.5304072301727467
2023-09-25 04:32:00,-0.3199694620654636,1.0894525781352384,-0.3637780807422283
2023-09-30 04:32:00,1.3558265063395232,3.1516859202037977,-0.7051107101613008
2023-10-05 04:32:00,0.3157197317184797,1.6792902810178774,0.5110897760012186
2023-10-10 04:32:00,-0.07679029330939721,1.2163673313665053,-0.5862299829958116
2023-10-15 04:32:00,0.955558151797163,2.663208372932512,-0.6839410694410449
2023-10-20 04:32:00,0.5295708401105924,2.0002375268310963,0.5054898434523043
2023-10-25 04:32:00,-0.42231967950003585,1.768314501796975,-0.7608814853927564
2023-10-30 04:32:00,1.115645075431216,2.9305529019707404,-0.5279467428420188
2023-11-04 04:32:00,0.09836024607875081,1.256729070629441,0.37951649938872145
2023-11-09 04:32:00,-0.264391124382984,1.477871742176903,-0.6503455634533724
2023-11-14 04:32:00,0.8461053099031365,2.7700401014139313,-0.6648773638954004
2023-11-19 04:32:00,0.09173332961563814,1.6651368908594901,0.5690965910027026
2023-11-24 04:32:00,-0.4705639455986297,2.1934035560538465,-0.8901818855601874
2023-11-29 04:32:00,0.8628050035838338,2.4655720380599453,-0.27547822320467374
2023-12-04 04:32:00,-0.0690740128094555,1.2430781658962966,0.43640133476950616
2023-12-09 04:32:00,-0.44574238849108294,1.654593200663711,-0.5920669199139081
2023-12-14 04:32:00,0.8682480149248691,2.7028228404133814,-0.43185944817313004
2023-12-19 04:32:00,-0.31227413507571034,1.816882327102313,0.6968135136574561
2023-12-24 04:32:00,-0.3139933416487457,2.010549713720892,-0.7685868929213722
2023-12-29 04:32:00,0.7815163367440242,2.300000379456085,-0.022086188394072503
2024-01-03 04:32:00,-0.10831328661316705,1.4502822336890127,0.5953444946338813
2024-01-08 04:32:00,-0.4702530773897512,1.671324934008302,-0.5244880786773454
2024-01-13 04:32:00,1.050640330368228,2.8463258569096013,-0.02347213742165477
2024-01-18 04:32:00,-0.43395240217449566,1.7978450465576514,0.7350745198703291
2024-01-23 04:32:00,-0.013127942968893545,1.7710513653673046,-0.6200234666739062
2024-01-28 04:32:00,0.8986828615964588,2.3282810336901,0.15566437758838247
2024-02-02 04:32:00,-0.020004576714837755,1.5773607303868922,0.7242708363053127
2024-02-07 04:32:00,-0.2733031405909468,1.7806433395873933,-0.6036358757311582
2024-02-12 04:32:00,1.3006607463622295,3.161315820082085,0.3731622810261136
2024-02-17 04:32:00,-0.3171216281286314,1.3060969761160575,0.5612446763393657
2024-02-22 04:32:00,0.2886854387660998,1.8607476236084275,-0.5972597657066336
2024-02-27 04:32:00,1.1115904923097797,2.4662365066854033,0.21699116771875704
2024-03-03 04:32:00,0.05412821142372841,1.5161447649743844,0.7129022087629685
2024-03-08 04:32:00,0.10463595163658833,2.240537847940128,-0.8424782711314754
2024-03-13 04:32:00,1.4169034323853473,3.09434859113241,0.5592547980187715
2024-03-18 04:32:00,-0.2064338651958353,0.7493472170822213,0.2690618084650853
2024-03-23 04:32:00,0.5077421184968842,1.974271664943546,-0.6928932800946614
2024-03-28 04:32:00,1.275050039803026,2.56372508014824,0.19974888710979188
2024-04-02 04:32:00,-0.06385992987650686,1.199549252343313,0.537750488091687
2024-04-07 04:32:00,0.5397559303336735,2.6737212601982385,-1.075455525077175
2024-04-12 04:32:00,1.2468386615448106,2.7122133294412056,0.5583450178605249
2024-04-17 04:32:00,-0.2125305037515291,0.6473218058931156,0.037109225385587946
2024-04-22 04:32:00,0.6188511456928547,2.094393842580005,-0.8069037624180343
2024-04-27 04:32:00,1.2728526277615253,2.5014010970713767,0.23463165900131022
2024-05-02 04:32:00,-0.3383323352576044,1.1890862571838308,0.27380722079965
2024-05-07 04:32:00,0.852076480884575,2.8800664760852372,-1.0926426099836302
2024-05-12 04:32:00,0.9252701213421662,2.119514329614523,0.5553926971138703
2024-05-17 04:32:00,-0.28339949226678207,0.9093215831854373,-0.06275931975820079
2024-05-22 04:32:00,0.6658033954098551,2.2086953407408307,-0.8484922681828315
2024-05-27 04:32:00,1.1091610684174738,2.287440294760235,0.45382605274963717
2024-06-01 04:32:00,-0.5398892160855195,1.582947483499002,0.007788732701059953
2024-06-06 04:32:00,1.000577827743634,2.602553465666064,-0.8341444948785038
2024-06-11 04:32:00,0.6972171803422323,1.8088214659123645,0.6245995201006981
2024-06-16 04:32:00,-0.32321438186962426,1.0261408133754788,-0.06500948972969092
2024-06-21 04:32:00,0.7696171968818957,2.2149023206016185,-0.7902792751657792
2024-06-26 04:32:00,0.892676461810011,2.2765596721639305,0.7860676611666629
2024-07-01 04:32:00,-0.4933308884077166,1.589156353622891,-0.20852133617000723
2024-07-06 04:32:00,1.1074903230568693,2.2929281104004398,-0.4966482557211007
2024-07-11 04:32:00,0.6225825665911637,1.8163518614843694,0.6919755674541843
2024-07-16 04:32:00,-0.2861812262082148,1.0876477898581889,-0.05791528386522765
2024-07-21 04:32:00,1.046220265480206,2.3867132933346182,-0.687242942473714
2024-07-26 04:32:00,0.6599826066652303,2.402125697951286,0.9729767257830269
2024-07-31 04:32:00,-0.21050409754088734,1.263986914160993,-0.3888608823894363
2024-08-05 04:32:00,1.2009087920161552,2.315193703112038,-0.32248190619785855
2024-08-10 04:32:00,0.614152852887022,1.8503857566376163,0.6719821301200983
2024-08-15 04:32:00,-0.2102645704702038,0.9566226698470094,-0.15628932882902125
2024-08-20 04:32:00,1.3867862407844627,2.9200562723618733,-0.6233101062114966
2024-08-25 04:32:00,0.39838826264852356,2.1819829972502633,0.8620302254571754
2024-08-30 04:32:00,0.07943422761399063,1.2325032730753307,-0.58419827468262
2024-09-04 04:32:00,1.1973733513187017,2.401283784654308,-0.3401334619862171
2024-09-09 04:32:00,0.567596837196743,1.8602100992977486,0.5643860582155829
2024-09-14 04:32:00,-0.19129667143714715,1.0654169169013419,-0.4404170195425093
2024-09-19 04:32:00,1.5026286619114095,3.221158419976217,-0.5641451574381708
2024-09-24 04:32:00,0.13553940863071007,1.5833891515637601,0.5550371282221105
2024-09-29 04:32:00,0.13866254832299224,1.578514209533315,-0.7611610390398184
2024-10-04 04:32:00,1.0689591931398104,2.489666635035892,-0.41679653033880315
2024-10-09 04:32:00,0.4052908000516588,1.67780453428048,0.4592827623245179
2024-10-14 04:32:00,-0.3023521590686931,1.7738554507371012,-0.8134394603426294
2024-10-19 04:32:00,1.3101744750189461,3.170601669105811,-0.3950112813634439
2024-10-24 04:32:00,-0.11658077122355652,1.003689780167714,0.3013525024534568
2024-10-29 04:32:00,-0.006673628315750414,1.7994188441025507,-0.8277977028684759
2024-11-03 04:32:00,0.8960349879201653,2.4963032078535026,-0.4153418940935506
2024-11-08 04:32:00,0.08440483152515535,1.4037282631760672,0.45913447705302096
2024-11-13 04:32:00,-0.41625106546781776,2.4100834778334206,-1.0223586941242109
2024-11-18 04:32:00,0.9987274418422447,2.7771965293981693,-0.10670965231060336
2024-11-23 04:32:00,-0.31409951214154974,0.9951177525389194,0.26963368842541363
2024-11-28 04:32:00,-0.16435140012391458,1.876853885117717,-0.763345873483492
2024-12-08 04:32:00,-0.30552594962352847,1.5845223604065668,0.5821556148629522
2024-12-13 04:32:00,-0.29938337722983593,2.4208612421473763,-0.9598241221446103
2024-12-18 04:32:00,0.7954916977380695,2.3885878190013754,0.20191563708649662
2024-12-23 04:32:00,-0.3714228903192603,1.161525930600013,0.3971368759648006
2024-12-28 04:32:00,-0.19004006714487168,1.7726582975073366,-0.6511186962996376
2025-01-02 04:32:00,0.9068626739559917,2.545717940999338,0.06284473293071247
2025-01-07 04:32:00,-0.5230756177583382,1.7701315779186289,0.6757416103199682
2025-01-12 04:32:00,0.05269975887422718,2.148270102194002,-0.7729498791385595
2025-01-17 04:32:00,0.8153083939003164,2.376749764173332,0.4186577194479479
2025-01-22 04:32:00,-0.28485074801871046,1.1970962268594008,0.5082273849428035
2025-01-27 04:33:00,-0.04519855577077134,1.8328928727251832,-0.6313334750915967
2025-02-01 04:32:00,1.1322931172959263,2.9020002158500837,0.44163770121712453
2025-02-06 04:33:00,-0.4755823377126495,1.428755264630687,0.5340473668125763
2025-02-11 04:32:00,0.45222707379820387,2.2050308867233412,-0.6489508635234366
2025-02-16 04:33:00,0.9836218519624179,2.4138196222826505,0.47528068491659003
2025-02-21 04:32:00,-0.16205372400151608,1.1025305192166308,0.4937844555582054
2025-02-26 04:33:00,0.25964594230840576,2.252761934621907,-0.7772020336155898
2025-03-03 04:32:00,1.3007663046569162,3.063558330339717,0.6914834997683627
2025-03-08 04:33:00,-0.3471269778776474,0.8458623913519319,0.17162814163178666
2025-03-13 04:32:00,0.7507067951506704,2.2734068138840486,-0.6522222052965612
2025-03-23 04:32:00,-0.1575349910259873,0.8656112263255471,0.3509053649395276
2025-03-28 04:33:00,0.6574286049747828,2.692833965524655,-1.0004638780912722
2025-04-02 04:32:00,1.1683044811712155,2.811324401288295,0.7421296610517369
2025-04-07 04:33:00,-0.27342428446197836,0.8856404643447214,-0.17615212865119492
2025-04-12 04:32:00,0.8911758069949997,2.2747592298258077,-0.7091202501943366
2025-04-17 04:33:00,1.0776091295342323,2.230148864165114,0.38814164390093187
2025-04-19 04:33:00,0.5398085991143798,1.677368557521289,0.6170022778900601
2025-04-22 04:32:00,-0.3199886897570828,0.9930556959692104,0.14248997086766446
2025-04-27 04:33:00,1.0054548900861713,3.0487788763177837,-1.0859371858003826
2025-05-02 04:32:00,0.776669469417513,2.126421988350298,0.7215426578598312
2025-05-07 04:33:00,-0.260594391395524,1.131112592261578,-0.35214057428102463
2025-05-09 04:33:00,0.1163125996390604,1.6526439911409416,-0.7547238327153112
2025-05-12 04:32:00,0.9181885995570761,2.2797948365791774,-0.7027507376179599
2025-05-17 04:33:00,0.9199284660891767,2.0043873507719447,0.47599107044455635
2025-05-22 04:32:00,-0.5118803031649766,1.4963312310823658,-0.07776823990885001
2025-05-27 04:33:00,1.2026350306140787,2.9382610014898987,-0.8654500689213741
2025-05-29 04:33:00,1.4479108689269304,2.748726137891388,0.034746209969040764
2025-06-01 04:32:00,0.4329347778829448,1.7090851142507697,0.7336107059999623
2025-06-06 04:33:00,-0.25113446568536923,1.187908597126734,-0.37239437141502885
2025-06-11 04:32:00,0.9501526392237194,2.1726056114379153,-0.5964459586534719
2025-06-16 04:33:00,0.7395153850607932,1.967294699099362,0.7048751959614918
2025-06-18 04:33:00,0.0011371359727271185,1.6818759614093477,0.7345964106055856
2025-06-21 04:32:00,-0.5338235485117733,1.693887791771178,-0.2859778574780908
2025-06-26 04:33:00,1.3155036287414876,2.636848496812751,-0.4501168832092307
2025-07-01 04:32:00,0.29963882217900606,1.6475014175935292,0.7466736579725322
2025-07-06 04:33:00,-0.17735002990319482,1.1292760855795305,-0.3465243010411639
2025-07-08 04:33:00,0.258212090675068,1.5479946013514683,-0.669291528597956
2025-07-11 04:32:00,1.100566307613254,2.241791554377536,-0.45699472469848923
2025-07-16 04:33:00,0.5671568817877454,2.18324361616079,0.904215811117505
2025-07-21 04:32:00,-0.2794105924093546,1.5460813356334664,-0.4855150274603439
2025-07-26 04:33:00,1.3814588172817241,2.5674193145414863,-0.1477000925357097
2025-07-28 04:33:00,1.154019771767196,2.3888179139795267,0.47510214306548226
2025-07-31 04:32:00,0.2999039181590399,1.5871963886225866,0.6947235797575451
2025-08-05 04:33:00,-0.05064392027577086,1.0136121694806217,-0.38861327662990625
2025-08-10 04:32:00,1.3496419117900689,2.624644140709534,-0.38201723037354074
2025-08-15 04:33:00,0.34640949613971905,2.125164031627476,0.8756312282512768
2025-08-17 04:33:00,-0.26757916002390614,1.3608853316142397,0.36377809018981333
2025-08-20 04:32:00,0.10689936908994771,1.4892448153768347,-0.7041550601434681
2025-08-25 04:33:00,1.330568132852702,2.6085410343799333,-0.09275760375387132
2025-08-30 04:32:00,0.29768819697395116,1.5522043123796372,0.5588916698948913
2025-09-06 04:33:00,0.5783041647856804,2.2043465126411594,-0.9232493669715512
2025-09-09 04:32:00,1.4935081690541048,3.0537109686493116,-0.3586154243996196
2025-09-14 04:33:00,0.06879811344253282,1.6166136215172657,0.5924858472782741
2025-09-24 04:33:00,1.1550410055822165,2.5198034236084115,-0.16049750738157287
2025-09-29 04:32:00,0.20425186559879965,1.3194964495368189,0.40017942205074897
2025-10-04 04:33:00,-0.06505571085699689,1.7836226447637025,-0.8561047127817563
2025-10-06 04:33:00,0.6089773437355681,2.827968142001695,-1.1623582528411331
2025-10-09 04:32:00,1.3796351632255055,3.2036306216091663,-0.24651340174540937
2025-10-14 04:33:00,-0.2348192410323056,0.9743134274550553,0.24502818006365182
2025-10-19 04:32:00,0.24508308645027735,2.137409650689297,-0.9552536702618448
2025-10-24 04:33:00,0.9338695473700608,2.4074161359938664,-0.18040008092332138
2025-10-26 04:33:00,0.6998768676316769,2.014071194651044,0.23184236642710343
2025-10-29 04:32:00,-0.013610281778084155,1.0458462083127094,0.32981626345402426
2025-11-03 04:33:00,-0.23294372131824254,2.466993022781697,-1.0775983053463771
2025-11-08 04:32:00,1.0767105032898108,2.9291961138381892,0.02971094364774829
2025-11-13 04:33:00,-0.48670181987641586,1.023464184313336,0.08141320131779772
2025-11-15 04:33:00,-0.47806332592593775,1.3766577636911124,-0.4773752003561687
2025-11-18 04:32:00,0.10721668975246967,2.111525989610509,-0.8612523459071726
2025-11-23 04:33:00,0.7728101060726865,2.2434492756382785,-0.07138653537211426
2025-11-28 04:32:00,-0.31775103984294417,1.2547988417224532,0.4135258803749781
2025-12-03 04:33:00,-0.21727184751069886,2.6621830199908434,-1.0837654909197125
2025-12-05 04:33:00,0.6806006825195915,2.9456722066017833,-0.8768067656727085
2025-12-08 04:32:00,0.7779063938125319,2.494493767778898,0.38711927988058675
2025-12-13 04:33:00,-0.5657444825990702,1.0698070534300532,0.13823389619016818
2025-12-18 04:32:00,0.08360027441145287,1.9538310847153675,-0.7072952158503404
2025-12-23 04:33:00,0.7628972208192294,2.2270872449859853,0.1643570612659948
2025-12-25 04:33:00,0.42279194200141595,2.020714859745982,0.6329028792185419
2025-12-28 04:32:00,-0.548341334350694,1.578087466503903,0.5510918321932674
2026-01-02 04:33:00,0.10114704166362563,2.5070898158632753,-0.9156180681981396
2026-01-07 04:32:00,0.6708247612275735,2.5007779185540358,0.6647712961404879
2026-01-12 04:32:00,-0.470577206311276,0.9848206757596367,0.23062082898119068
2026-01-17 04:32:00,0.2184293942636051,1.9346759392064559,-0.6092666931607474
2026-01-22 04:32:00,0.9184939039629811,2.519786522022649,0.47432198544214155
2026-01-27 04:32:00,-0.5765155832793285,1.50300705027164,0.4993651353922813
2026-02-01 04:32:00,0.5748792448661584,2.5585949910651795,-0.7180168879421125
2026-02-06 04:32:00,0.7640913096792676,2.4530870832443457,0.7456926470483547
2026-02-11 04:32:00,-0.3204505603277682,0.7688674402918848,0.21476911398086174
2026-02-16 04:32:00,0.4784625161856439,2.2013101954472636,-0.6467292171842344
2026-02-21 04:32:00,1.110791321811687,2.8314914155271915,0.7165129345937238
2026-02-26 04:32:00,-0.47002027109679306,1.0446051820044788,0.1586626467121683
2026-03-03 04:32:00,0.9687439183543055,2.670409758090902,-0.6145267622936381
2026-03-08 04:32:00,0.86649393830653,2.2466214317203135,0.6650428345320014
2026-03-13 04:32:00,-0.2386979344360975,0.6088485425205228,0.0799925249485906
2026-03-18 04:32:00,0.8140696864143467,2.531286658077477,-0.8009074240918932
2026-03-23 04:32:00,1.065330971933632,2.726603495371994,0.8059910243245771
2026-03-28 04:32:00,-0.33972059046092495,1.1384498337145812,-0.280573611847582
2026-04-02 04:32:00,1.1491263116347052,2.6273958643442406,-0.593213610597409
2026-04-07 04:32:00,0.8297566694624022,2.019112643038067,0.5630252460115251
2026-04-12 04:32:00,-0.2823381893593352,0.8033236421436991,-0.09921653605682693
2026-04-14 04:33:00,-0.08651720790689212,1.6876190671918123,-0.7168323755261138
2026-04-17 04:32:00,1.1321357165477954,2.9187125150396582,-0.9165711257653776
2026-04-22 04:32:00,0.6899432353816669,2.145446343857852,0.7985021636271776
2026-04-27 04:32:00,-0.22513177318345512,1.4700266299682834,-0.5693781622130757
2026-05-02 04:32:00,1.1398841433438767,2.481307308578611,-0.5426757349593451
2026-05-04 04:33:00,1.23575230238615,2.3658125421589347,-0.03467312412141044
2026-05-07 04:32:00,0.674941028035266,1.7155829759036432,0.5522250567792691
2026-05-12 04:32:00,-0.4031267028132123,1.2724080519440863,-0.26476594883451876
2026-05-17 04:32:00,1.33888090766276,3.0432275589905156,-0.7798847071868007
2026-05-22 04:32:00,0.24716915369595194,1.6866604855456675,0.7772499276816249
2026-05-24 04:33:00,-0.35283800436424567,1.251564446287959,0.27017073899163424
2026-05-27 04:32:00,-0.12791860682547107,1.5276764404519059,-0.6306150067087571
2026-06-01 04:32:00,1.0967455243250954,2.2356571477479847,-0.401168661506614
2026-06-06 04:32:00,0.5131778121613085,1.6361429018144804,0.6591609739715076
2026-06-11 04:32:00,-0.4592433598405011,1.6313795368677475,-0.41301376208990287
2026-06-13 04:33:00,0.18379430637139196,2.326517544289798,-1.0214593634145068
2026-06-16 04:32:00,1.4602838109839658,2.8457313805743967,-0.3716374701378111
2026-06-21 04:32:00,0.008507433928304914,1.6188393331237196,0.7322564806720517
2026-06-26 04:32:00,-0.0024144105433982245,1.3768423709491786,-0.572846532178275
2026-07-01 04:32:00,1.1414770788059418,2.155586103206296,-0.22810067743651652
2026-07-03 04:33:00,1.131578574455222,2.166715196404969,0.29668670370745
2026-07-06 04:32:00,0.3992256187246829,1.8556660306046742,0.7995724007259072
2026-07-11 04:32:00,-0.28795544000432827,1.7210592855456235,-0.5758023486899381
2026-07-16 04:32:00,1.5196950325350935,2.8283832149209784,0.03527170834600435
2026-07-21 04:32:00,-0.011645601710606995,1.44596605647529,0.6279175147186494
2026-07-23 04:33:00,-0.23687802520736922,0.9712406418572868,0.10844205691028058
2026-07-26 04:32:00,0.16652362203248036,1.2651611592998486,-0.559190973216181
2026-07-31 04:32:00,1.2749054376587776,2.3892342477342803,-0.12823968601353486
2026-08-05 04:32:00,0.2718010347622906,1.9190377816226034,0.8191068229240481
2026-08-10 04:32:00,0.098708519419528,1.727331370460838,-0.7927216443724242
2026-08-12 04:33:00,1.0147089338139583,2.558680895724134,-0.8648521194712223
2026-08-15 04:32:00,1.4382713345402751,2.7875645526374906,0.196377632716066
2026-08-20 04:32:00,0.0361536310111741,1.2455499527686853,0.4593543127246984
2026-08-25 04:32:00,0.29091070991371476,1.4497196588584393,-0.6682563678860108
2026-08-30 04:32:00,1.3768717106484822,2.7601360320013066,-0.12215873667857546
2026-09-01 04:33:00,1.1316519186130114,2.60994294718391,0.49962188916774153
2026-09-04 04:32:00,0.060211346702363194,1.6460251856992278,0.6129478416427085
2026-09-09 04:32:00,0.4189682001839098,2.2167854825562934,-1.0113741366525584
2026-09-14 04:32:00,1.209466578818223,2.6275858372483683,0.1509844750342728
2026-09-19 04:32:00,0.0013820763315098572,0.9124793227746506,0.2691014709320214
2026-09-21 04:33:00,-0.1526016091425043,0.6122147712231865,-0.21021830295812227
2026-09-24 04:32:00,0.25912370223715875,1.8462117993564906,-0.8698901338888057
