month,island_light_sum,island_cloudfree_nights,teknaf_light_sum
2017-01,2.3749232717511237,17.986953685583817,89.65874609894611
2017-02,7.547393385121854,13.43531202435312,83.13257330994979
2017-03,10.721977485570253,16.171921432195408,87.57810789516158
2017-04,15.844790290909653,11.748061172718709,71.54765259307975
2017-05,18.09186517742334,8.748351090816842,76.22829924553048
2017-06,15.125189808887594,2.700514604624193,58.91329910018865
2017-07,0.8983372346662423,0.21243748641008914,53.77741588150316
2017-08,17.809210957798598,2.714938030006523,109.97166158334882
2017-09,14.986438126792656,2.632021453939263,87.00472864502784
2017-10,20.54388229461277,7.1611944625643265,106.4719209577523
2017-11,16.31627443657786,10.489816626802922,122.78184281914844
2017-12,8.61003916010845,16.915561353917518,143.86811741800864
2018-01,8.934980381484706,15.80604479234616,128.6695686995983
2018-02,14.845647053858814,13.789374501703268,139.50901978331459
2018-03,16.508000016679947,15.037399434659708,114.69815662666863
2018-04,20.34317659840865,14.16815249691962,117.98999978841516
2018-05,17.536078601082163,8.749655722258462,90.12815693020822
2018-06,22.932745038235883,0.9852866565195332,61.64376454949378
2018-07,6.548666609326998,0.4769152714358193,93.46301943487394
2018-08,12.443686217223021,2.6694208885989705,77.99203906030044
2018-09,14.229960849063069,3.8019134594477064,87.25262736158042
2018-10,13.07764707862162,7.799666594187142,107.95764678062179
2018-11,11.563215685562756,10.230267449445531,115.22509759424943
2018-12,6.554588248040163,12.108284409654269,131.63921581299283
2019-01,6.19419604454409,15.780749438283685,120.82882339057393
2019-02,9.15329419213767,15.46785533086903,139.2641181011995
2019-03,13.140156758386711,13.3554395883163,121.33941207154125
2019-04,14.546627459923423,15.341306081032108,110.48592126252605
2019-05,15.839490180331115,10.620497209538305,87.11666662611213
2019-06,14.052352950941108,4.861854026237587,91.53756882513274
2019-07,0.0,0.0,32.02125465542662
2019-08,7.057803956492275,1.7004421250996595,59.93490197730125
2019-09,12.986941190443787,4.091541639486846,89.76011764570778
2019-10,16.955176472137953,10.212944843081827,100.97627483524528
2019-11,11.106156826063113,15.04631441617743,134.16623578024846
2019-12,7.794313702878416,12.647749510763207,126.91913758712067
2020-01,3.472901956853914,13.711314053779809,123.55768643014278
2020-02,18.70733325972277,11.94020439225919,160.290352150272
2020-03,17.864431477937053,18.682612162064213,154.915450795959
2020-04,21.084823557442313,8.790679133144884,135.49596124221299
2020-05,20.900901877354173,5.691454664057405,125.39596121790362
2020-06,17.67937258521424,2.901935203305066,91.31188271834571
2020-07,13.368392123691006,2.4877872001159673,135.08309901046988
2020-08,0.0,0.0,87.97533374662494
2020-09,20.47192149635623,0.8749003406537655,70.54298002988685
2020-10,16.1385488897562,4.503515256939916,109.30266622526972
2020-11,19.92611770372765,15.04493730521128,144.45933308414385
2020-12,16.898745152792507,13.116981952598392,160.64772563272837
2021-01,12.22898053576549,14.772269333913169,150.7755285524271
2021-02,14.597960848258985,14.692831775023555,166.66623535027696
2021-03,18.197803904203802,16.362107704573464,134.35913673206872
2021-04,22.23905891086541,13.614988765673694,145.7486276050409
2021-05,18.1922354756617,10.33804450242806,179.5392535535729
2021-06,13.05635286096264,0.7689352757845912,68.17780426004354
2021-07,11.464274446980333,1.2491121258244546,34.05666659848363
2021-08,20.846078516689,0.9841994636515187,85.28533252314024
2021-09,8.244392070933884,0.4725664999637602,87.06717695500336
2021-10,18.57274503766322,6.747191418424293,141.1354509512584
2021-11,17.933646859842195,9.869536855838225,164.28960792095057
2021-12,17.41701956319751,7.730086250634195,183.49756897559357
2022-01,21.158352945160637,12.884250199318691,184.23549063626456
2022-02,22.146470586604927,13.668116257157354,182.5785878730755
2022-03,26.42792153370147,13.39080959628905,189.99290246075282
2022-04,25.701921557211413,13.90237008045227,170.2556081035558
2022-05,24.21152928009922,6.00456621004566,173.51258800216755
2022-06,16.645490118335275,2.0,144.43411836226787
2022-07,0.9785490171289912,0.05305501195912155,108.6676850259304
2022-08,7.1442352966496765,1.1480756686236138,93.70513728807369
2022-09,26.755764717155817,2.2065666449228094,155.07254935058893
2022-10,21.269333387356177,8.635862868739578,144.44152930799655
2022-11,20.578392139194058,12.180981372762194,179.0458825764703
2022-12,20.565647125857723,15.136768862796261,172.26121471828108
2023-01,21.517176450233833,15.742552728854102,198.1164711063984
2023-02,23.34058815398637,14.573530477640064,179.7938434592649
2023-03,18.499333386503018,10.204754656809449,160.15521583487
2023-04,25.56960772603166,11.296513734869897,169.1736084552373
2023-05,21.64305879193194,10.370805247517575,158.26400058012382
2023-06,15.757333459369107,0.888164093643546,51.197372921191004
2023-07,3.752627429307675,0.35957092121475676,0.0
2023-08,0.0,0.0,83.51945101519426
2023-09,23.506509757860048,3.1532217148655506,174.86803860968234
2023-10,25.913490257894285,9.476045517141406,185.2366269403813
2023-11,29.679529345269295,8.10118141624991,207.8976074311079
2023-12,30.205372421589548,13.6052765093861,218.1276468501371
2024-01,29.408823638570077,11.343552946292673,215.34051152643042
2024-02,32.85623525252529,12.86475320721896,223.00392136223175
2024-03,30.736509724224305,13.961803290570412,211.55925539100866
2024-04,24.84317652349379,14.664637239979706,163.70035327485968
2024-05,26.505333523072448,12.298978038704062,177.22301924380594
2024-06,21.2345491744724,1.4618395303326812,150.32686327017996
2024-07,5.7617254892400664,0.2062042473001377,0.0
2024-08,30.262548879782358,2.5069942741175626,99.28349036282185
2024-09,16.594823526401143,0.6908023483365949,18.02776472510076
2024-10,27.333372305771896,10.920852359208524,152.57705934807365
2024-11,26.98086266657886,9.696818148872941,204.20105971027832
2024-12,28.332980299989373,11.03457273320287,227.2601575263576
2025-01,26.34007845915416,17.1746756541277,219.81941218796905
2025-02,22.747529430658204,7.764803942886136,229.62011732085074
2025-03,22.647803962347556,13.80111618467783,209.97611761747626
2025-04,27.493921421322174,10.446473871131403,193.07137297462018
2025-05,31.3375685637488,3.3143436979053407,225.10176557699842
2025-06,7.042823604859557,0.23592085235920854,161.45905733950002
2025-07,2.189215665588192,0.14880046386895698,0.0
2025-08,8.9363529108903,0.47285641806189743,140.00325480746287
2025-09,11.308313636335672,0.4588678698267739,0.0
2025-10,23.724195964663636,12.720373994346598,186.7745104405225
2025-11,16.330431334937316,15.788069870261657,200.38227386240862
2025-12,25.36992148058671,14.933101398854825,219.38227384990336
2026-01,27.10098016621435,15.079654997463214,220.27454855360233
2026-02,20.497215681157858,13.564977893745015,243.21964731929344
2026-03,20.20796073920586,9.183518156120893,219.51196026708573
2026-04,25.93423518935839,9.675364209610782,159.17858749557945
2026-05,26.87858815450295,6.332681017612526,169.52223506698417
2026-06,10.502627293210404,0.6768862796260057,8.515764586364522
2026-07,0.0,0.0,0.0
2026-08,3.4084705944154776,0.16010726969631078,28.92819622357686
