Rank,Predictor,Decrease in R²
1,log_ctrl,2.1143808083888462
2,sun_zenith,0.0647569404375206
3,doy_sin,0.0354900545905776
4,tide_range,0.0246910431142042
5,ws10_72h,0.0210319687332331
6,swh_24h,0.0171235793581167
7,sst_C,0.013825541970406
8,tide_now,0.0136022381636939
9,ctrl_EW,0.0131730588884311
10,doy_cos,0.0122326487180356
11,chirps_7d,0.0086714120760559
12,era5_rain_72h,0.0032336294020867
13,v10_24h,0.0029078650347841
14,tide_trend,0.0024357419150283
15,ws10_24h,0.0011902322881367
16,chirps_30d,0.0009247597869242
17,u10_24h,3.498150426259894e-05
