Sector,Pseudo-restriction season,"Estimate, true 0%","Estimate, true −10%","Estimate, true −20%"
North,2021/22,-2.226250682550601,-12.003625614295544,-21.781000546040485
North,2022/23,-12.607849134385583,-21.347064220947026,-30.086279307508452
North,2023/24,-10.51410129814828,-19.462691168333457,-28.41128103851862
East,2021/22,0.9614561501946506,-9.134689464824818,-19.23083507984428
East,2022/23,-9.250432815933618,-18.325389534340264,-27.4003462527469
East,2023/24,-1.6930190652038268,-11.523717158683445,-21.35441525216306
West,2021/22,-8.68342092230472,-17.81507883007425,-26.946736737843768
West,2022/23,1.595198006170606,-8.56432179444646,-18.72384159506352
West,2023/24,-3.248597362855976,-12.923737626570375,-22.598877890284776
South,2021/22,-9.004723211547173,-18.10425089039246,-27.20377856923773
South,2022/23,3.452917302926428,-6.89237442736621,-17.23766615765885
South,2023/24,-1.6254455932800391,-11.462901033952033,-21.300356474624028
