Month,Period,Mean cloud-free observations,Effect (%)
Apr 2020,COVID 2020,8.790679133144884,1.0478889797279622
May 2020,COVID 2020,5.691454664057405,8.837682178028338
Oct 2020,COVID 2020,4.503515256939916,-2.747682995090206
Nov 2024,Capped (Nov–Jan),9.69681814887294,-3.4581510798073256
Dec 2024,Capped (Nov–Jan),11.03457273320287,25.509174645580668
Jan 2025,Capped (Nov–Jan),17.1746756541277,50.92399506596823
Feb 2025,Closed (Feb–Apr),7.764803942886136,-21.71968628343016
Mar 2025,Closed (Feb–Apr),13.80111618467783,-29.681736546453376
Apr 2025,Closed (Feb–Apr),10.446473871131404,-25.657363725849724
May 2025,Closed (May–Oct),3.3143436979053407,-24.33672845930306
Oct 2025,Closed (May–Oct),12.720373994346598,-30.87652926020147
Nov 2025,Capped (Nov–Jan),15.788069870261657,-43.75746335043985
Dec 2025,Capped (Nov–Jan),14.933101398854824,9.688983252804364
Jan 2026,Capped (Nov–Jan),15.079654997463214,46.82603251018303
Feb 2026,Closed (Feb–Apr),13.564977893745017,-36.376448025148136
Mar 2026,Closed (Feb–Apr),9.183518156120892,-42.77135143784353
Apr 2026,Closed (Feb–Apr),9.675364209610782,-21.73697910379162
May 2026,Closed (May–Oct),6.332681017612526,-21.77932807252665
