Date,Sector,Control (FNU),Observed (FNU),Counterfactual (FNU),Effect (%)
29 Mar 2020,North,8.453367606013895,9.315072263258797,10.199623074007286,-8.67238724735504
29 Mar 2020,East,8.453367606013895,10.93462847053681,10.417827037835035,4.960741149040726
29 Mar 2020,West,8.453367606013895,7.934089455415742,8.512042869601188,-6.789832041958754
29 Mar 2020,South,8.453367606013895,9.208589545917064,9.334660849044209,-1.3505718650726473
03 Apr 2020,North,10.684273874583402,11.434833358209064,12.686474074733711,-9.86594627594286
03 Apr 2020,East,10.684273874583402,10.744959542804354,13.71988049812152,-21.683286204456977
03 Apr 2020,West,10.684273874583402,10.820648604883568,14.067824222796428,-23.08228739914821
03 Apr 2020,South,10.684273874583402,10.820648604883568,14.23073987352504,-23.96285294333592
10 Oct 2020,North,1.2954264572067238,3.0470081754582834,3.793664405052367,-19.68166263203708
10 Oct 2020,East,1.2954264572067238,1.0312919416592492,2.1451476133504763,-51.92443003731157
10 Oct 2020,West,1.2954264572067238,2.8608945842028555,3.570111632787893,-19.86540258493855
10 Oct 2020,South,1.2954264572067238,1.780144114682632,1.913612880885394,-6.974700449393323
15 Oct 2020,North,1.8971507096076168,7.06564666765082,7.227015842509299,-2.232860400129555
15 Oct 2020,East,1.8971507096076168,2.1975743601414504,3.5877658734260764,-38.748111285118114
15 Oct 2020,West,1.8971507096076168,10.344913985194768,12.387494538697846,-16.489053110152085
15 Oct 2020,South,1.8971507096076168,4.52549457562415,6.0311644882899165,-24.96482918993784
20 Oct 2020,North,5.534484552122624,6.506283188659955,11.25316286364212,-42.18262663129914
20 Oct 2020,East,5.534484552122624,5.613370236450033,6.738699557078109,-16.699502791248023
20 Oct 2020,West,5.534484552122624,4.901398787987548,11.596016433456166,-57.732046896326295
20 Oct 2020,South,5.534484552122624,5.523066514279116,7.342673542030315,-24.781260086473367
